id_season,team_id,season_name,country,championship_name,team_code,team_logo,attacking_overall__played,attacking_overall__goals,attacking_overall__xg,attacking_overall__goals_vs_xg,attacking_overall__shots,attacking_overall__sot,attacking_overall__conv_pct,attacking_overall__xg_per_shot,attacking_set_pieces__goals,attacking_set_pieces__shots,attacking_set_pieces__xg,attacking_set_pieces__goal_pct,attacking_set_pieces__shot_pct,attacking_set_pieces__xg_pct,attacking_misc__touches_in_box,attacking_misc__hit_post,attacking_misc__offsides,attacking_misc__penalties__total,attacking_misc__penalties__goals,attacking_misc__free_kicks__total,attacking_misc__free_kicks__goals,attacking_misc__headers__total,attacking_misc__headers__goals,attacking_misc__fast_breaks__total,attacking_misc__fast_breaks__goals,passing__avg_poss,passing__all_passes__pct,passing__final_third_passes__successful,passing__final_third_passes__pct,passing__pass_direction__fwd,passing__pass_direction__bwd,passing__pass_direction__left,passing__pass_direction__right,passing__crosses__total,passing__crosses__successful,passing__crosses__pct,passing__through_balls,pressing__pressed_seqs,pressing__ppda,pressing__start_distance_m,pressing__total,pressing__high_turnovers__shot_ending,pressing__high_turnovers__goal_ending,pressing__high_turnovers__pct_end_in_shot,sequences__ten_plus_passes,sequences__direct_speed,sequences__passes_per_seq,sequences__sequence_time,sequences__build_ups__total,sequences__build_ups__goals,sequences__direct_attacks__total,sequences__direct_attacks__goals,misc.__subs_used,misc.__subs_goals,misc.__errors_lead_to_shot,misc.__errors_lead_to_goal,misc.__fouled,misc.__yellows,misc.__reds,misc.__pens_won,misc.__fouls,misc.__opp_yellows,misc.__opp_reds,misc.__pens_conceded,defending_overall__goals,defending_overall__xg,defending_overall__goals_vs_xg,defending_overall__shots,defending_overall__sot,defending_overall__conv_pct,defending_overall__xg_per_shot,defending_overall__shots_in_box_pct,defending_overall__goals_in_box_pct,defending_set_pieces__goals,defending_set_pieces__shots,defending_set_pieces__xg,defending_set_pieces__goal_pct,defending_set_pieces__shot_pct,defending_set_pieces__xg_pct,defending_defensive_actions__avg_poss,defending_defensive_actions__tackles,defending_defensive_actions__interceptions,defending_defensive_actions__recoveries,defending_defensive_actions__blocks,defending_defensive_actions__clearances,defending_defensive_actions__ground_duels_won,defending_defensive_actions__aerial_duels_won,defending_misc__touches_in_box,defending_misc__hit_post,defending_misc__offsides,defending_misc__penalties__total,defending_misc__penalties__goals,defending_misc__free_kicks__total,defending_misc__free_kicks__goals,defending_misc__headers__total,defending_misc__headers__goals,defending_misc__fast_breaks__total,defending_misc__fast_breaks__goals
1,146,2025/26,France,Ligue 1,Monaco,https://omo.akamai.opta.net/image.php?secure=true&h=omo.akamai.opta.net&sport=football&entity=team&description=badges&dimensions=150&id=4t4hod56fsj7utpjdor8so5q6,12,2.0,2.21,-0.21,12.92,4.17,15.48,0.17,0.17,3.08,0.32,8.33,23.87,14.36,25.5,0.33,2.08,0.42,0.33,0.25,0.0,3.08,0.42,1.0,0.17,55.3,84.4,90.5,70.8,30.9,15.5,27.3,26.3,12.25,2.75,22.4,1.92,13.08,8.9,44.4,8.67,1.25,0.17,14.42,13.25,1.77,3.82,10.1,2.17,0.08,1.33,0.08,4.67,0.75,0.92,0.25,11.5,2.42,0.17,0.42,12.67,1.67,0.25,0.33,1.75,1.6,0.15,13.08,3.92,13.38,0.12,65.61,95.24,0.17,3.92,0.26,9.52,29.94,16.45,55.3,18,10,51,5,21,47.6,54.2,23.17,0.33,0.75,0.33,0.25,0.25,0.0,1.75,0.08,1.33,0.33
1,144,2025/26,France,Ligue 1,Marseille,https://omo.akamai.opta.net/image.php?secure=true&h=omo.akamai.opta.net&sport=football&entity=team&description=badges&dimensions=150&id=27xvwccz8kpmqsefjv2b2sc0o,12,2.33,1.97,0.37,14.33,5.58,16.28,0.14,0.33,3.67,0.26,14.29,25.58,13.19,24.92,0.58,1.25,0.42,0.33,0.5,0.08,2.42,0.17,0.75,0.08,59.8,90.0,137.83,80.7,28.1,15.6,27.7,28.5,11.33,1.75,15.4,2.42,10.25,11.4,45.0,8.08,2.0,0.25,24.74,20.83,1.65,5.53,14.71,5.58,0.5,1.67,0.08,4.67,0.58,0.58,0.08,9.75,2.25,0.17,0.42,12.0,1.42,0.33,0.08,0.92,1.04,-0.12,9.0,3.58,10.19,0.12,66.67,90.91,0.08,1.75,0.1,9.09,19.44,9.35,59.8,14,6,43,2,17,49.0,52.3,13.92,0.17,2.08,0.08,0.08,0.33,0.0,1.25,0.0,0.75,0.08
1,153,2025/26,France,Ligue 1,Strasbourg,https://omo.akamai.opta.net/image.php?secure=true&h=omo.akamai.opta.net&sport=football&entity=team&description=badges&dimensions=150&id=71ajatxnuhc5cnm3xvgdky49w,12,2.0,1.94,0.06,11.83,4.83,16.9,0.16,0.17,2.58,0.21,8.33,21.83,10.96,20.92,0.08,1.58,0.17,0.17,0.58,0.0,1.75,0.42,0.58,0.17,50.7,87.2,69.08,70.5,29.1,15.2,28.6,27.1,10.0,1.92,19.2,3.58,11.58,11.9,45.0,9.83,1.58,0.42,16.1,12.92,1.69,4.12,10.95,2.0,0.25,1.0,0.08,4.67,0.5,0.67,0.17,13.5,2.08,0.25,0.17,11.42,1.83,0.08,0.17,1.33,1.22,0.11,10.5,3.83,12.7,0.12,68.25,100.0,0.08,2.67,0.23,6.25,25.4,18.67,50.7,18,7,50,3,20,51.0,52.4,22.08,0.08,1.58,0.17,0.08,0.25,0.0,1.92,0.25,0.83,0.08
1,429,2025/26,France,Ligue 1,Lille,https://omo.akamai.opta.net/image.php?secure=true&h=omo.akamai.opta.net&sport=football&entity=team&description=badges&dimensions=150&id=be2k34rut1lz79jxenabttqlc,12,1.92,1.93,-0.01,16.33,5.08,11.73,0.12,0.17,5.0,0.34,8.7,30.61,17.77,35.17,0.5,1.08,0.17,0.08,0.17,0.0,2.75,0.17,1.0,0.08,57.8,85.2,113.33,74.2,31.0,15.4,26.2,27.3,14.67,2.75,18.8,2.42,13.58,9.4,47.2,9.0,1.17,0.33,12.96,11.25,1.86,4.0,10.89,2.67,0.08,2.17,0.0,4.67,0.58,1.08,0.25,12.17,2.42,0.08,0.17,13.0,2.25,0.08,0.17,1.25,1.34,-0.09,9.42,3.25,13.27,0.14,63.72,93.33,0.33,2.42,0.24,26.67,25.66,17.59,57.8,15,9,49,3,18,50.5,56.5,16.75,0.17,1.33,0.17,0.08,0.33,0.08,1.17,0.17,1.17,0.0
1,142,2025/26,France,Ligue 1,Lens,https://omo.akamai.opta.net/image.php?secure=true&h=omo.akamai.opta.net&sport=football&entity=team&description=badges&dimensions=150&id=3xedluek08t2ka7oypwuullcn,12,1.75,1.88,-0.13,13.17,5.08,13.29,0.14,0.67,4.17,0.45,38.1,31.65,23.84,28.67,0.25,2.08,0.33,0.25,0.25,0.0,2.83,0.42,1.17,0.17,45.7,83.8,82.08,73.2,32.2,15.2,25.9,26.8,13.5,2.58,19.1,1.08,11.0,13.4,42.7,8.25,1.33,0.08,16.16,9.58,2.02,3.52,8.93,1.58,0.08,1.58,0.08,4.33,0.17,0.42,0.08,11.92,2.17,0.17,0.33,12.25,2.33,0.25,0.33,0.92,1.62,-0.71,14.25,3.83,6.43,0.11,66.08,72.73,0.17,4.25,0.29,18.18,29.82,18.02,45.7,19,10,51,6,24,51.1,50.8,25.67,0.5,0.83,0.33,0.17,0.42,0.0,2.42,0.08,1.0,0.17
1,149,2025/26,France,Ligue 1,Paris SG,https://omo.akamai.opta.net/image.php?secure=true&h=omo.akamai.opta.net&sport=football&entity=team&description=badges&dimensions=150&id=2b3mar72yy8d6uvat1ka6tn3r,12,2.0,1.74,0.26,16.75,6.42,11.94,0.1,0.67,3.33,0.34,33.33,19.9,19.78,33.33,0.5,0.83,0.33,0.25,0.75,0.08,2.17,0.33,0.58,0.08,72.3,92.3,212.83,86.3,24.3,15.7,30.3,29.8,11.75,2.58,22.0,1.92,14.67,8.1,47.8,11.58,2.75,0.33,23.74,28.58,1.34,6.52,18.45,6.17,0.17,1.42,0.0,4.33,0.25,0.42,0.25,8.83,1.25,0.0,0.33,9.5,1.42,0.08,0.17,0.92,0.95,-0.04,8.5,2.58,10.78,0.11,64.71,72.73,0.08,2.58,0.19,9.09,30.39,19.95,72.3,14,6,48,2,14,46.0,51.6,15.75,0.25,1.5,0.17,0.0,0.08,0.0,1.0,0.08,0.67,0.0
1,143,2025/26,France,Ligue 1,Lyon,https://omo.akamai.opta.net/image.php?secure=true&h=omo.akamai.opta.net&sport=football&entity=team&description=badges&dimensions=150&id=121le8unjfzug3iu9pgkqa1c7,12,1.5,1.58,-0.08,11.75,4.17,12.77,0.13,0.33,3.67,0.36,22.22,31.21,22.81,22.17,0.33,1.42,0.17,0.0,0.33,0.0,2.0,0.33,0.58,0.08,52.7,85.6,69.83,71.0,30.6,15.6,27.5,26.3,12.08,2.42,20.0,1.83,8.33,11.5,42.0,5.5,0.92,0.0,16.67,10.75,1.59,4.02,11.07,1.83,0.0,0.92,0.17,3.58,0.25,0.58,0.08,13.92,1.83,0.33,0.17,13.67,2.42,0.25,0.0,1.25,1.11,0.14,11.67,3.17,10.71,0.1,65.71,86.67,0.33,2.75,0.29,26.67,23.57,25.94,52.7,15,8,41,4,23,51.6,45.6,23.33,0.0,1.83,0.0,0.0,0.17,0.0,2.0,0.33,0.58,0.08
1,427,2025/26,France,Ligue 1,Toulouse,https://omo.akamai.opta.net/image.php?secure=true&h=omo.akamai.opta.net&sport=football&entity=team&description=badges&dimensions=150&id=4aghw9tyi8ba3ju1ne83gmf9w,12,1.5,1.48,0.02,12.58,3.75,11.92,0.12,0.33,4.0,0.3,22.22,31.79,20.61,27.58,0.25,1.0,0.5,0.33,0.08,0.0,3.25,0.25,0.83,0.0,42.9,80.4,65.33,64.6,36.0,13.1,25.9,25.1,12.08,2.33,19.3,1.42,11.75,13.3,45.6,8.17,1.25,0.08,15.31,5.83,2.12,2.93,8.04,0.92,0.0,1.58,0.08,4.5,0.25,0.67,0.08,10.92,2.67,0.08,0.5,13.5,1.58,0.17,0.33,1.33,1.45,-0.11,11.58,3.33,11.51,0.13,64.03,93.75,0.33,3.75,0.28,25.0,32.37,19.52,42.9,16,9,46,4,25,47.7,53.9,20.58,0.33,1.0,0.33,0.33,0.25,0.0,2.33,0.17,1.0,0.0
1,862,2025/26,France,Ligue 1,Brest,https://omo.akamai.opta.net/image.php?secure=true&h=omo.akamai.opta.net&sport=football&entity=team&description=badges&dimensions=150&id=3adj8hkws0z1al232bg2h6tk0,12,1.17,1.48,-0.31,11.83,3.58,9.86,0.13,0.17,4.08,0.23,14.29,34.51,15.43,19.33,0.25,1.25,0.33,0.25,0.17,0.0,2.75,0.0,0.5,0.08,43.7,79.1,56.42,59.2,33.8,16.5,23.6,26.1,10.92,3.25,29.8,1.33,10.25,12.7,41.7,8.0,1.08,0.08,13.54,7.25,1.76,3.14,8.81,1.0,0.08,0.92,0.08,3.75,0.08,0.5,0.42,9.92,1.5,0.08,0.33,11.5,1.25,0.17,0.17,1.75,1.61,0.14,13.08,4.67,13.38,0.12,70.06,95.24,0.33,3.75,0.28,19.05,28.66,17.65,43.7,19,8,47,4,23,50.1,53.0,23.58,0.17,1.92,0.17,0.17,0.33,0.08,2.75,0.17,0.33,0.08
1,150,2025/26,France,Ligue 1,Rennes,https://omo.akamai.opta.net/image.php?secure=true&h=omo.akamai.opta.net&sport=football&entity=team&description=badges&dimensions=150&id=z1wbqtd0fz5t5eezjvrbld3h,12,1.58,1.44,0.14,13.08,4.58,12.1,0.11,0.33,3.67,0.34,21.05,28.03,23.68,20.0,0.25,2.25,0.08,0.08,0.25,0.0,1.5,0.25,1.0,0.08,51.1,85.2,91.83,74.8,33.3,16.4,25.8,24.5,13.08,2.25,17.2,1.33,9.92,12.2,42.6,8.17,1.5,0.25,18.37,11.5,1.72,3.82,10.23,2.42,0.33,1.42,0.0,4.08,0.33,0.75,0.33,12.0,2.08,0.25,0.08,12.17,2.58,0.17,0.33,1.42,1.66,-0.24,14.42,3.83,9.83,0.12,63.58,94.12,0.25,3.92,0.32,17.65,27.17,19.08,51.1,15,8,48,4,23,49.2,55.1,25.83,0.5,1.92,0.33,0.25,0.25,0.0,2.33,0.25,1.42,0.08
1,694,2025/26,France,Ligue 1,Lorient,https://omo.akamai.opta.net/image.php?secure=true&h=omo.akamai.opta.net&sport=football&entity=team&description=badges&dimensions=150&id=70nn27vgkt6l48lvv5e66q7ww,12,1.17,1.4,-0.23,11.92,3.83,9.79,0.12,0.25,3.5,0.24,21.43,29.37,17.03,22.0,0.25,1.75,0.33,0.08,0.42,0.0,1.83,0.17,0.67,0.0,44.1,84.6,80.17,74.1,32.8,16.9,24.2,26.1,13.5,2.25,16.7,1.42,6.67,17.9,41.3,6.08,0.83,0.08,13.7,9.0,1.75,3.66,10.07,2.08,0.08,0.92,0.0,4.75,0.42,0.33,0.08,13.83,2.42,0.08,0.33,9.58,2.0,0.25,0.5,2.17,1.59,0.58,9.92,4.42,21.85,0.16,67.23,84.62,0.42,2.5,0.32,19.23,25.21,20.04,44.1,14,10,42,3,21,52.6,44.0,20.42,0.33,1.17,0.5,0.33,0.08,0.0,1.83,0.25,0.92,0.08
1,2338,2025/26,France,Ligue 1,Paris FC,https://omo.akamai.opta.net/image.php?secure=true&h=omo.akamai.opta.net&sport=football&entity=team&description=badges&dimensions=150&id=8v00fx2zwhiwm05tqqkt122p5,12,1.5,1.37,0.13,13.33,4.08,11.25,0.1,0.17,3.0,0.23,11.11,22.5,17.02,24.08,0.42,2.25,0.17,0.17,0.08,0.0,1.92,0.08,1.25,0.17,55.2,86.7,85.58,74.3,30.0,16.3,26.9,26.8,13.58,2.75,20.3,1.58,11.0,15.0,41.7,6.0,1.17,0.0,19.44,14.25,1.64,4.38,11.75,2.5,0.17,1.5,0.08,4.83,0.33,0.92,0.5,10.83,1.83,0.17,0.17,11.0,2.0,0.25,0.33,1.75,1.46,0.29,11.0,3.75,15.91,0.13,65.91,85.71,0.5,4.17,0.35,28.57,37.88,23.93,55.2,14,8,45,4,23,49.0,43.6,21.0,0.17,1.83,0.33,0.17,0.67,0.0,1.75,0.25,1.17,0.17
1,145,2025/26,France,Ligue 1,Metz,https://omo.akamai.opta.net/image.php?secure=true&h=omo.akamai.opta.net&sport=football&entity=team&description=badges&dimensions=150&id=2khen2a38l2hkx33s73pehl6o,12,1.0,1.24,-0.24,8.83,2.92,11.32,0.14,0.17,2.25,0.24,16.67,25.47,19.41,16.33,0.25,1.08,0.33,0.25,0.0,0.0,1.17,0.0,0.58,0.25,48.5,85.9,53.83,69.1,28.8,17.0,27.0,27.2,11.5,2.25,19.6,0.83,7.67,16.5,38.4,4.0,0.75,0.08,18.75,11.42,1.48,4.01,11.82,1.08,0.0,1.42,0.17,4.42,0.17,0.83,0.17,11.92,1.33,0.25,0.33,11.0,1.58,0.0,0.25,2.25,1.99,0.26,14.92,5.92,15.08,0.13,65.36,92.59,0.33,4.08,0.32,14.81,27.37,16.21,48.5,18,6,45,3,22,51.6,46.5,28.25,0.33,1.5,0.25,0.25,0.58,0.0,2.58,0.33,1.08,0.08
1,141,2025/26,France,Ligue 1,Le Havre,https://omo.akamai.opta.net/image.php?secure=true&h=omo.akamai.opta.net&sport=football&entity=team&description=badges&dimensions=150&id=23pqcgxu1tip265hbe01kszbt,12,1.08,1.23,-0.15,11.5,3.5,9.42,0.11,0.25,3.0,0.22,23.08,26.09,17.98,18.08,0.42,1.83,0.17,0.08,0.33,0.0,2.08,0.17,0.83,0.08,47.2,82.5,59.92,64.7,32.5,14.9,26.4,26.2,19.17,4.0,20.9,0.75,10.92,11.5,42.2,6.83,1.5,0.08,21.95,8.33,1.88,3.39,9.17,1.17,0.0,1.25,0.08,4.58,0.08,0.42,0.17,12.42,2.0,0.08,0.17,13.58,2.17,0.08,0.25,1.42,1.19,0.23,10.17,3.58,13.93,0.12,67.21,100.0,0.17,2.75,0.15,11.76,27.05,13.01,47.2,16,9,48,4,27,50.1,49.0,20.33,0.08,1.33,0.25,0.25,0.33,0.0,2.5,0.25,0.25,0.0
1,1395,2025/26,France,Ligue 1,Nice,https://omo.akamai.opta.net/image.php?secure=true&h=omo.akamai.opta.net&sport=football&entity=team&description=badges&dimensions=150&id=bx0cdmzr2gwr70ez72dorx82p,12,1.42,1.17,0.24,11.08,3.92,12.78,0.11,0.08,2.92,0.22,5.88,26.32,18.46,17.33,0.17,1.5,0.17,0.17,0.17,0.0,3.08,0.08,0.92,0.17,45.7,83.0,67.08,68.8,33.2,14.5,26.4,25.9,12.17,3.25,26.7,1.75,7.75,15.3,38.1,3.42,0.67,0.08,19.51,7.5,1.81,3.48,9.6,1.5,0.17,1.83,0.08,4.75,0.17,0.75,0.08,12.25,2.17,0.08,0.17,12.08,2.0,0.08,0.42,1.5,1.85,-0.35,16.5,5.25,9.09,0.11,55.05,94.44,0.42,4.0,0.34,27.78,24.24,18.49,45.7,14,9,48,6,31,49.6,50.0,29.75,0.17,0.83,0.42,0.33,0.0,0.0,3.08,0.33,1.67,0.25
1,138,2025/26,France,Ligue 1,Auxerre,https://omo.akamai.opta.net/image.php?secure=true&h=omo.akamai.opta.net&sport=football&entity=team&description=badges&dimensions=150&id=9bxav814mkuhueiyivyive82d,12,0.58,0.99,-0.41,10.5,3.33,5.56,0.09,0.08,2.83,0.21,14.29,26.98,21.62,15.42,0.5,1.42,0.17,0.08,0.25,0.0,1.92,0.08,1.25,0.0,45.3,80.8,73.17,66.4,34.8,17.5,23.5,24.2,10.58,2.0,18.9,1.0,10.83,13.5,41.5,5.17,1.08,0.08,20.97,7.08,1.65,3.17,8.31,1.58,0.17,1.58,0.0,4.25,0.0,0.75,0.25,14.5,2.0,0.33,0.17,12.92,2.83,0.17,0.08,1.58,1.49,0.09,11.92,4.75,13.29,0.13,69.93,100.0,0.33,3.92,0.28,21.05,32.87,18.95,45.3,18,9,47,3,20,51.9,46.7,19.67,0.25,1.42,0.08,0.0,0.17,0.0,2.75,0.42,0.58,0.17
1,2128,2025/26,France,Ligue 1,Angers,https://omo.akamai.opta.net/image.php?secure=true&h=omo.akamai.opta.net&sport=football&entity=team&description=badges&dimensions=150&id=75qj99fhg5c0ztj2tva5u4uii,12,0.83,0.95,-0.12,8.92,3.08,9.35,0.11,0.08,2.17,0.16,10.0,24.3,16.29,15.25,0.25,1.75,0.08,0.08,0.17,0.0,1.25,0.08,1.33,0.08,39.1,82.4,43.75,66.9,33.7,15.2,24.9,26.3,10.17,2.0,19.7,1.33,6.33,19.9,36.9,3.92,0.5,0.0,12.77,6.75,2.01,3.35,8.94,1.17,0.08,1.83,0.0,4.75,0.33,0.83,0.25,10.33,1.33,0.08,0.08,10.08,1.25,0.0,0.33,1.25,1.83,-0.58,14.58,5.5,8.57,0.13,60.57,100.0,0.25,3.33,0.29,20.0,22.86,15.83,39.1,18,9,51,4,23,49.9,46.8,23.83,0.17,1.17,0.33,0.08,0.83,0.0,2.17,0.0,0.5,0.08
1,430,2025/26,France,Ligue 1,Nantes,https://omo.akamai.opta.net/image.php?secure=true&h=omo.akamai.opta.net&sport=football&entity=team&description=badges&dimensions=150&id=750ustvk4jfqmo8q4gnrcxy7z,12,0.92,0.79,0.12,10.33,2.58,8.87,0.08,0.33,3.58,0.19,36.36,34.68,23.3,18.75,0.5,1.08,0.08,0.0,0.58,0.0,1.08,0.17,1.5,0.25,43.0,79.6,41.42,59.2,35.4,13.9,25.9,24.8,8.83,1.58,17.9,0.92,7.5,15.6,37.9,4.08,0.58,0.08,14.29,5.58,1.89,2.99,8.24,0.83,0.0,2.42,0.0,4.75,0.17,0.92,0.25,12.17,1.67,0.0,0.08,10.75,2.83,0.0,0.17,1.5,1.75,-0.25,16.5,5.33,9.09,0.11,70.2,83.33,0.17,4.0,0.32,11.11,24.24,18.2,43.0,15,7,45,5,29,51.2,48.2,30.92,0.33,3.5,0.17,0.17,0.0,0.0,3.25,0.17,1.08,0.25
2,156,2025/26,Germany,Bundesliga,Bayern München,https://omo.akamai.opta.net/image.php?secure=true&h=omo.akamai.opta.net&sport=football&entity=team&description=badges&dimensions=150&id=apoawtpvac4zqlancmvw4nk4o,10,3.5,2.67,0.83,18.9,8.4,18.52,0.14,0.6,3.3,0.24,17.14,17.46,9.1,36.9,0.6,2.1,0.4,0.4,0.4,0.0,1.6,0.4,1.7,0.5,65.0,89.8,196.0,83.8,26.7,17.7,27.6,28.1,10.5,2.0,19.1,4.8,12.8,11.3,44.6,8.7,1.6,0.1,18.39,23.1,1.72,5.38,13.77,6.9,0.4,1.9,0.4,4.5,0.3,1.1,0.3,9.7,2.5,0.0,0.4,9.5,1.4,0.1,0.1,0.6,0.66,-0.06,8.7,2.0,6.9,0.08,67.82,83.33,0.4,2.7,0.23,66.67,31.03,34.13,65.0,13,8,52,3,16,46.6,46.7,16.7,0.2,1.4,0.1,0.0,0.2,0.1,1.2,0.0,0.5,0.0
2,6339,2025/26,Germany,Bundesliga,Leipzig,https://omo.akamai.opta.net/image.php?secure=true&h=omo.akamai.opta.net&sport=football&entity=team&description=badges&dimensions=150&id=9gefq4dz9b2hl8rqrxwrlrzmp,10,2.0,1.91,0.09,15.9,5.2,12.58,0.12,0.4,5.0,0.52,20.0,31.45,26.97,31.3,0.5,1.5,0.1,0.0,0.6,0.1,1.9,0.1,1.3,0.1,48.3,83.2,71.8,70.0,31.4,14.7,27.2,26.7,8.4,1.6,19.1,2.2,9.2,15.8,39.9,4.7,1.2,0.3,25.53,10.8,1.94,3.55,9.32,2.6,0.2,2.4,0.2,4.9,0.0,0.8,0.2,10.7,1.6,0.0,0.1,9.6,2.3,0.0,0.0,1.3,1.49,-0.19,14.3,3.7,9.09,0.1,62.24,100.0,0.2,3.9,0.49,15.38,27.27,32.97,48.3,16,11,49,6,32,53.6,46.0,26.1,0.2,2.4,0.0,0.0,0.4,0.0,2.0,0.1,0.9,0.2
2,164,2025/26,Germany,Bundesliga,Leverkusen,https://omo.akamai.opta.net/image.php?secure=true&h=omo.akamai.opta.net&sport=football&entity=team&description=badges&dimensions=150&id=7ad69ngbpjuyzv96drf8d9sn2,10,2.4,1.87,0.53,14.4,5.3,16.67,0.13,0.5,3.5,0.31,20.83,24.31,16.61,22.9,0.2,1.0,0.3,0.3,0.8,0.2,1.7,0.3,1.8,0.4,58.2,88.8,119.8,79.8,27.0,18.4,27.1,27.6,8.2,1.2,14.6,1.6,9.5,13.9,42.2,7.0,1.1,0.4,15.71,22.0,1.45,5.27,14.03,3.9,0.3,1.8,0.2,4.5,0.2,0.8,0.3,11.7,2.1,0.2,0.3,8.6,2.6,0.2,0.2,1.4,1.06,0.34,11.2,3.9,12.5,0.1,61.61,85.71,0.5,4.1,0.33,35.71,36.61,31.06,58.2,14,7,46,3,20,53.1,56.9,21.2,0.4,1.0,0.2,0.2,0.5,0.0,2.1,0.2,0.7,0.2
2,1902,2025/26,Germany,Bundesliga,Hoffenheim,https://omo.akamai.opta.net/image.php?secure=true&h=omo.akamai.opta.net&sport=football&entity=team&description=badges&dimensions=150&id=4l9mrqzmajz5crzlz50mtbt6x,10,2.1,1.68,0.42,12.9,5.0,16.28,0.13,0.3,4.5,0.4,14.29,34.88,23.51,25.2,0.3,1.9,0.2,0.2,0.4,0.1,2.3,0.3,1.3,0.4,52.3,80.3,74.8,63.5,36.8,15.7,24.0,23.5,13.6,3.5,25.7,1.6,13.5,9.8,43.7,8.2,1.2,0.1,14.63,8.9,1.99,3.31,8.2,1.4,0.2,1.4,0.1,5.0,0.2,0.4,0.2,9.2,2.1,0.0,0.2,14.0,1.2,0.1,0.2,1.6,1.56,0.04,12.1,4.6,13.22,0.13,61.98,93.75,0.7,4.4,0.47,43.75,36.36,30.23,52.3,17,7,52,4,34,46.6,52.5,19.9,0.3,1.7,0.2,0.2,0.4,0.0,1.3,0.1,1.5,0.1
2,169,2025/26,Germany,Bundesliga,Stuttgart,https://omo.akamai.opta.net/image.php?secure=true&h=omo.akamai.opta.net&sport=football&entity=team&description=badges&dimensions=150&id=3dwlvz6cl4lcavvrg0y2dycrt,10,1.7,1.57,0.13,15.6,5.7,10.9,0.1,0.2,4.2,0.3,11.76,26.92,18.9,25.7,0.3,2.6,0.3,0.2,0.1,0.0,2.7,0.3,0.6,0.0,59.4,85.4,110.6,73.8,30.1,14.6,28.3,27.0,15.8,4.2,26.6,1.6,13.2,11.5,42.8,6.8,0.9,0.1,13.23,14.2,1.86,4.14,10.89,2.2,0.1,1.8,0.2,4.8,0.3,0.4,0.2,11.6,1.9,0.0,0.3,10.4,1.8,0.1,0.2,1.2,1.19,0.01,12.3,4.4,9.76,0.1,76.42,91.67,0.0,4.3,0.25,0.0,34.96,20.81,59.4,14,9,49,4,29,51.8,52.1,22.1,0.2,2.1,0.2,0.2,0.3,0.0,2.5,0.0,0.8,0.1
2,387,2025/26,Germany,Bundesliga,Köln,https://omo.akamai.opta.net/image.php?secure=true&h=omo.akamai.opta.net&sport=football&entity=team&description=badges&dimensions=150&id=8q1ul09cygzswb7tb456bmifv,10,1.7,1.57,0.13,13.8,4.6,12.32,0.11,0.2,4.9,0.38,11.76,35.51,24.05,24.6,0.2,1.9,0.1,0.1,0.6,0.1,2.1,0.2,1.0,0.3,46.5,81.6,71.2,66.8,35.0,15.2,25.9,23.9,12.6,3.3,26.2,0.7,9.3,17.2,40.6,5.1,0.7,0.0,13.72,11.9,1.67,3.5,9.56,3.2,0.2,1.0,0.2,5.0,0.5,0.3,0.1,11.6,1.9,0.0,0.1,9.3,1.7,0.3,0.4,1.5,1.73,-0.23,15.0,4.9,10.0,0.12,69.33,86.67,0.7,5.7,0.43,46.67,38.0,25.15,46.5,13,8,40,5,34,52.2,53.1,29.3,0.1,1.9,0.4,0.3,0.3,0.2,3.1,0.2,0.7,0.1
2,159,2025/26,Germany,Bundesliga,Frankfurt,https://omo.akamai.opta.net/image.php?secure=true&h=omo.akamai.opta.net&sport=football&entity=team&description=badges&dimensions=150&id=c5hderjlkcoaze51e5wgvptk,10,2.3,1.53,0.77,13.4,4.7,17.16,0.11,0.5,4.2,0.36,21.74,31.34,23.39,25.8,0.6,1.1,0.1,0.1,0.2,0.0,2.5,0.4,0.8,0.1,56.1,83.6,97.8,69.8,31.8,15.3,25.7,27.2,11.6,3.0,25.9,1.3,12.4,12.2,42.5,6.7,0.5,0.1,7.46,12.2,1.85,3.88,10.21,2.5,0.1,0.9,0.1,5.0,0.2,0.9,0.5,9.8,1.8,0.0,0.1,9.9,1.9,0.2,0.1,1.9,1.16,0.74,11.2,4.4,16.96,0.1,63.39,68.42,0.6,3.0,0.28,31.58,26.79,23.9,56.1,17,9,47,3,27,51.0,47.5,20.3,0.1,3.3,0.1,0.1,0.5,0.3,2.1,0.3,0.9,0.5
2,157,2025/26,Germany,Bundesliga,Dortmund,https://omo.akamai.opta.net/image.php?secure=true&h=omo.akamai.opta.net&sport=football&entity=team&description=badges&dimensions=150&id=dt4pinj0vw0t0cvz7za6mhmzy,10,1.6,1.51,0.09,13.0,4.4,12.31,0.12,0.5,4.4,0.37,31.25,33.85,24.3,26.5,0.0,1.3,0.1,0.0,0.2,0.0,2.9,0.2,0.7,0.2,56.4,85.8,128.5,74.7,30.0,14.8,26.4,28.8,12.6,2.9,23.0,1.3,14.4,11.1,45.1,8.6,2.1,0.1,24.42,15.9,1.87,4.15,10.87,4.1,0.1,1.1,0.2,4.6,0.4,0.8,0.1,10.5,1.6,0.1,0.1,11.9,1.7,0.2,0.1,0.7,0.95,-0.25,9.7,2.7,7.22,0.1,70.1,85.71,0.3,3.1,0.29,42.86,31.96,30.2,56.4,13,8,49,3,26,46.8,54.4,17.2,0.4,2.3,0.1,0.1,0.1,0.0,2.5,0.3,0.9,0.0
2,683,2025/26,Germany,Bundesliga,M'gladbach,https://omo.akamai.opta.net/image.php?secure=true&h=omo.akamai.opta.net&sport=football&entity=team&description=badges&dimensions=150&id=go76xxm0xyfgqt1h6tcrtimm,10,1.3,1.42,-0.12,11.7,5.0,11.11,0.12,0.5,3.5,0.44,38.46,29.91,30.67,21.7,0.4,1.9,0.3,0.1,0.2,0.0,2.8,0.4,1.0,0.4,45.5,83.9,68.4,69.9,33.9,15.6,24.8,25.8,12.7,3.0,23.6,0.8,8.8,15.5,39.7,4.7,0.8,0.0,17.02,11.0,1.92,3.72,10.01,2.3,0.2,1.2,0.1,4.9,0.5,0.2,0.0,9.7,1.8,0.1,0.3,11.7,2.6,0.0,0.2,1.9,1.67,0.23,15.6,5.6,12.18,0.11,62.18,94.74,0.6,4.7,0.42,31.58,30.13,25.02,45.5,18,9,45,4,34,50.5,51.3,29.1,0.3,1.9,0.2,0.2,0.1,0.0,2.5,0.3,1.1,0.1
2,160,2025/26,Germany,Bundesliga,Freiburg,https://omo.akamai.opta.net/image.php?secure=true&h=omo.akamai.opta.net&sport=football&entity=team&description=badges&dimensions=150&id=6k5zscdm9ufw0tguvzyjlp5hq,10,1.3,1.36,-0.06,11.3,3.5,11.5,0.12,0.4,4.6,0.43,30.77,40.71,32.1,21.9,0.3,1.9,0.3,0.3,0.5,0.1,2.9,0.1,0.8,0.0,50.1,81.7,65.7,63.5,33.7,16.9,25.2,24.2,11.8,2.4,20.3,0.7,8.5,15.9,40.5,5.1,0.8,0.1,15.69,9.9,1.77,3.35,9.26,1.6,0.0,1.0,0.0,4.6,0.4,0.9,0.5,13.2,1.5,0.2,0.3,7.9,2.9,0.0,0.1,1.4,1.26,0.14,12.0,3.8,11.67,0.1,65.0,92.86,0.3,4.0,0.38,21.43,33.33,29.93,50.1,14,9,40,4,25,56.9,48.2,20.4,0.0,1.8,0.1,0.0,0.3,0.0,2.0,0.3,0.8,0.3
2,171,2025/26,Germany,Bundesliga,Bremen,https://omo.akamai.opta.net/image.php?secure=true&h=omo.akamai.opta.net&sport=football&entity=team&description=badges&dimensions=150&id=cu0eztmjcsbydyp53aleznorw,10,1.5,1.34,0.15,12.2,4.7,12.3,0.11,0.2,3.2,0.2,13.33,26.23,14.66,20.1,0.2,1.4,0.3,0.2,0.5,0.0,1.6,0.1,1.0,0.2,49.5,81.8,81.1,69.5,31.3,15.8,25.5,27.4,11.2,2.6,23.2,1.0,9.6,15.4,41.1,6.8,0.5,0.0,7.35,10.0,1.82,3.64,9.16,1.9,0.1,1.5,0.2,4.5,0.3,0.7,0.3,9.6,2.5,0.1,0.3,8.9,1.2,0.0,0.3,1.8,1.88,-0.08,15.6,5.5,11.54,0.12,61.54,94.44,0.2,4.6,0.4,11.11,29.49,21.36,49.5,17,9,48,5,32,51.2,53.6,27.2,0.4,1.6,0.3,0.3,0.9,0.0,2.6,0.2,0.9,0.1
2,810,2025/26,Germany,Bundesliga,Mainz 05,https://omo.akamai.opta.net/image.php?secure=true&h=omo.akamai.opta.net&sport=football&entity=team&description=badges&dimensions=150&id=1c7qokc1j5z50cjj4tcu32haa,10,1.0,1.27,-0.27,11.8,2.8,8.47,0.11,0.1,4.3,0.26,10.0,36.44,20.11,28.6,0.7,3.1,0.3,0.3,0.3,0.0,2.5,0.0,0.2,0.1,49.5,75.8,96.5,63.6,40.3,15.3,20.9,23.4,17.4,4.1,23.6,0.5,14.0,10.2,44.9,9.8,1.1,0.2,11.22,5.1,1.87,2.82,7.0,0.9,0.0,1.0,0.1,4.7,0.1,0.5,0.2,11.3,2.4,0.3,0.3,12.6,1.8,0.1,0.1,1.8,1.59,0.21,14.3,4.9,12.59,0.11,68.53,88.89,0.2,4.4,0.28,11.11,30.77,17.43,49.5,13,11,49,4,27,48.4,52.4,21.6,0.3,1.5,0.1,0.1,0.7,0.0,2.1,0.1,1.5,0.3
2,161,2025/26,Germany,Bundesliga,Hamburg,https://omo.akamai.opta.net/image.php?secure=true&h=omo.akamai.opta.net&sport=football&entity=team&description=badges&dimensions=150&id=75xi6hloabmnjn2kzgj1g8h1s,10,0.9,1.27,-0.36,13.6,4.7,6.62,0.09,0.2,3.3,0.37,22.22,24.26,29.57,21.4,0.6,2.4,0.1,0.0,0.4,0.0,2.7,0.1,1.1,0.1,47.8,83.0,58.7,65.4,32.2,15.4,26.7,25.7,14.7,2.9,19.7,1.6,8.6,15.9,39.9,5.5,0.9,0.0,16.36,9.9,1.89,3.46,9.87,0.8,0.0,1.8,0.1,5.0,0.1,0.8,0.2,12.3,1.8,0.4,0.1,13.0,2.3,0.0,0.2,1.6,1.63,-0.03,15.4,5.3,10.39,0.11,60.39,87.5,0.5,5.2,0.37,31.25,33.77,22.56,47.8,14,6,44,5,30,50.3,56.2,26.4,0.1,1.2,0.2,0.1,0.8,0.1,2.6,0.1,0.9,0.1
2,172,2025/26,Germany,Bundesliga,Wolfsburg,https://omo.akamai.opta.net/image.php?secure=true&h=omo.akamai.opta.net&sport=football&entity=team&description=badges&dimensions=150&id=a8l3w3n0j99qjlsxj3jnmgkz1,10,1.2,1.24,-0.04,12.1,3.7,9.92,0.1,0.2,3.8,0.32,16.67,31.4,25.44,19.2,0.6,0.8,0.1,0.1,0.4,0.1,2.4,0.2,0.6,0.0,46.2,79.9,67.1,67.0,34.3,14.3,24.5,26.9,8.7,1.7,19.5,2.0,7.8,14.1,37.1,4.1,1.4,0.2,34.15,8.3,1.93,3.39,8.72,2.0,0.2,1.0,0.1,4.2,0.2,0.6,0.2,10.7,1.5,0.1,0.1,10.5,2.1,0.0,0.3,1.8,1.69,0.11,15.2,5.2,11.84,0.11,66.45,88.89,0.3,4.6,0.35,16.67,30.26,21.0,46.2,14,11,43,5,35,48.4,49.0,30.0,0.4,2.4,0.3,0.1,0.3,0.1,2.9,0.3,0.8,0.0
2,2891,2025/26,Germany,Bundesliga,Heidenheim,https://omo.akamai.opta.net/image.php?secure=true&h=omo.akamai.opta.net&sport=football&entity=team&description=badges&dimensions=150&id=3xcg7xikgrn2x8oa65sopb2is,10,0.8,1.21,-0.41,10.7,3.8,7.48,0.11,0.3,4.0,0.43,37.5,37.38,35.43,15.8,0.1,1.5,0.0,0.0,0.6,0.1,1.6,0.1,0.8,0.2,39.1,76.3,57.0,60.1,37.0,14.4,24.6,24.0,11.4,2.9,25.4,0.6,8.1,17.9,36.9,5.1,0.8,0.1,15.69,4.4,2.01,2.76,7.28,0.5,0.1,0.8,0.1,5.0,0.3,0.9,0.2,11.2,1.5,0.1,0.0,10.0,2.6,0.0,0.1,2.3,1.96,0.34,16.5,5.9,13.94,0.12,67.27,86.96,0.2,4.3,0.43,8.7,26.06,21.84,39.1,14,10,50,4,32,49.1,43.3,27.8,0.3,1.0,0.1,0.1,0.5,0.0,2.5,0.4,0.8,0.2
2,816,2025/26,Germany,Bundesliga,Union Berlin,https://omo.akamai.opta.net/image.php?secure=true&h=omo.akamai.opta.net&sport=football&entity=team&description=badges&dimensions=150&id=a8d2gb2nag8fy0itbuxmcibh2,10,1.3,1.16,0.14,12.3,3.5,10.57,0.09,0.6,6.5,0.56,46.15,52.85,47.9,20.2,0.2,1.9,0.1,0.0,0.1,0.0,2.8,0.1,1.2,0.2,32.7,70.0,47.8,54.7,44.7,15.1,19.4,20.8,11.2,2.3,20.5,0.5,10.1,17.8,41.7,5.7,0.9,0.0,15.79,1.8,1.95,2.27,5.71,0.4,0.0,0.7,0.2,4.6,0.0,0.5,0.2,11.1,2.4,0.1,0.1,14.0,2.3,0.1,0.3,1.7,1.7,-0.0,14.5,5.2,11.72,0.12,61.38,94.12,0.1,4.5,0.31,5.88,31.03,18.04,32.7,15,9,46,5,33,46.2,49.0,25.1,0.1,1.6,0.3,0.3,0.3,0.0,2.4,0.2,1.6,0.3
2,1772,2025/26,Germany,Bundesliga,Augsburg,https://omo.akamai.opta.net/image.php?secure=true&h=omo.akamai.opta.net&sport=football&entity=team&description=badges&dimensions=150&id=ex3psl8e3ajeypwjy4xfltpx6,10,1.4,1.09,0.31,12.1,3.8,11.57,0.09,0.3,3.2,0.24,21.43,26.45,21.96,18.9,0.1,2.5,0.1,0.1,0.6,0.0,1.9,0.2,0.4,0.1,46.3,78.8,79.1,64.6,37.5,15.6,23.7,23.2,12.9,3.2,24.8,0.5,13.7,11.9,44.9,9.1,1.4,0.1,15.38,6.0,1.83,3.0,7.84,1.2,0.0,1.2,0.1,4.6,0.2,0.9,0.5,11.0,3.3,0.0,0.1,12.7,1.7,0.1,0.3,2.4,1.98,0.42,13.2,5.1,18.18,0.15,71.21,87.5,0.3,3.4,0.33,12.5,25.76,16.6,46.3,16,10,50,3,31,47.4,47.8,27.1,0.2,2.1,0.3,0.2,0.4,0.1,1.7,0.2,1.2,0.4
2,680,2025/26,Germany,Bundesliga,St. Pauli,https://omo.akamai.opta.net/image.php?secure=true&h=omo.akamai.opta.net&sport=football&entity=team&description=badges&dimensions=150&id=85jtaw5dcxxx1yp8te6axh3p8,10,0.9,1.01,-0.11,11.8,4.0,7.63,0.09,0.4,2.7,0.13,44.44,22.88,13.15,19.0,0.1,2.3,0.2,0.1,0.4,0.1,0.7,0.1,1.4,0.0,50.8,81.3,97.8,67.7,36.5,15.6,23.3,24.7,15.3,1.7,11.1,1.7,12.7,15.0,43.6,7.6,1.2,0.1,15.79,8.9,1.83,3.52,7.98,1.7,0.1,1.3,0.1,4.4,0.0,0.7,0.4,11.0,2.0,0.0,0.2,11.4,2.1,0.2,0.2,2.0,1.53,0.47,10.7,5.7,18.69,0.14,66.36,95.0,0.3,2.2,0.21,15.0,20.56,13.85,50.8,17,8,49,3,18,51.0,39.0,18.2,0.2,1.9,0.2,0.0,0.3,0.0,1.5,0.3,1.2,0.3
3,186,2025/26,Spain,LaLiga,Real Madrid,https://omo.akamai.opta.net/image.php?secure=true&h=omo.akamai.opta.net&sport=football&entity=team&description=badges&dimensions=150&id=3kq9cckrnlogidldtdie2fkbl,12,2.17,2.29,-0.13,19.75,7.33,10.97,0.12,0.17,4.75,0.41,7.69,24.05,18.06,38.83,0.33,1.83,0.5,0.33,0.67,0.0,2.08,0.08,1.17,0.33,60.4,89.2,177.5,82.7,27.4,16.0,28.8,27.8,9.0,2.17,24.1,2.42,12.17,10.1,44.3,8.67,2.33,0.5,26.92,19.33,1.71,4.84,13.2,5.25,0.25,3.0,0.17,4.75,0.08,0.58,0.17,13.67,1.92,0.17,0.5,9.5,1.75,0.42,0.17,0.83,1.08,-0.25,10.0,2.83,8.33,0.11,58.33,80.0,0.33,3.08,0.28,40.0,30.83,25.85,60.4,18,7,47,4,18,55.1,56.9,15.92,0.25,0.75,0.17,0.17,0.25,0.08,1.75,0.33,0.67,0.0
3,178,2025/26,Spain,LaLiga,Barcelona,https://omo.akamai.opta.net/image.php?secure=true&h=omo.akamai.opta.net&sport=football&entity=team&description=badges&dimensions=150&id=agh9ifb2mw3ivjusgedj7c3fe,12,2.67,2.19,0.48,20.25,8.08,13.17,0.11,0.58,4.58,0.31,21.88,22.63,14.04,36.5,1.0,2.17,0.25,0.17,0.83,0.0,1.83,0.5,0.58,0.08,67.9,89.5,180.08,83.1,26.1,14.6,28.9,30.4,10.08,2.25,22.3,2.33,13.5,9.1,43.6,8.0,1.42,0.33,17.71,20.25,1.72,4.91,13.43,6.0,0.33,1.67,0.08,4.67,0.5,0.42,0.08,11.83,1.58,0.17,0.25,9.08,2.75,0.25,0.25,1.25,1.32,-0.07,8.67,3.75,14.42,0.15,78.85,86.67,0.25,2.33,0.22,20.0,26.92,16.57,67.9,16,7,45,2,16,52.1,59.9,16.83,0.17,4.92,0.25,0.17,0.17,0.0,1.17,0.0,1.33,0.33
3,175,2025/26,Spain,LaLiga,Atlético,https://omo.akamai.opta.net/image.php?secure=true&h=omo.akamai.opta.net&sport=football&entity=team&description=badges&dimensions=150&id=4ku8o6uf87yd8iecdalipo6wd,12,2.0,1.92,0.08,14.08,5.92,14.2,0.14,0.42,3.42,0.27,20.83,24.26,13.82,30.67,0.5,1.83,0.25,0.17,0.42,0.17,3.0,0.25,1.33,0.33,54.8,86.6,122.5,77.9,30.4,16.3,26.8,26.6,15.42,3.5,22.7,2.58,11.0,12.9,43.9,7.33,0.92,0.25,12.5,14.5,1.64,4.35,11.5,4.42,0.17,0.83,0.08,5.0,0.58,0.58,0.17,10.25,1.83,0.17,0.25,10.33,2.58,0.0,0.08,0.92,1.04,-0.12,9.25,2.83,9.91,0.11,55.86,90.91,0.17,2.67,0.23,18.18,28.83,22.2,54.8,16,8,48,2,18,48.9,49.4,16.0,0.17,1.17,0.08,0.08,0.25,0.0,2.17,0.25,0.25,0.25
3,449,2025/26,Spain,LaLiga,Villarreal,https://omo.akamai.opta.net/image.php?secure=true&h=omo.akamai.opta.net&sport=football&entity=team&description=badges&dimensions=150&id=74mcjsm72vr3l9pw2i4qfjchj,12,2.0,1.76,0.24,13.75,4.92,14.55,0.13,0.17,3.08,0.23,8.33,22.42,12.96,28.0,0.33,2.08,0.08,0.08,0.17,0.0,1.58,0.25,1.92,0.42,45.3,85.7,92.25,74.8,29.2,13.6,28.5,28.7,9.83,2.25,22.9,2.83,10.08,16.1,40.2,6.0,0.92,0.08,15.28,11.42,2.02,3.83,10.41,2.75,0.08,3.0,0.25,5.0,0.33,1.08,0.17,10.5,2.0,0.08,0.08,10.58,1.17,0.17,0.25,0.83,1.18,-0.35,12.5,3.25,6.67,0.1,61.33,90.0,0.0,3.08,0.26,0.0,24.67,21.62,45.3,17,8,47,5,24,50.6,46.3,24.42,0.08,0.67,0.25,0.17,0.5,0.0,1.92,0.17,0.42,0.17
3,177,2025/26,Spain,LaLiga,Espanyol,https://omo.akamai.opta.net/image.php?secure=true&h=omo.akamai.opta.net&sport=football&entity=team&description=badges&dimensions=150&id=c8llrezkm3b3op4afrou6b487,12,1.25,1.74,-0.49,14.33,4.83,8.72,0.12,0.42,4.33,0.47,33.33,30.23,26.77,21.67,0.25,1.25,0.25,0.17,0.42,0.0,3.58,0.42,0.83,0.17,42.1,81.2,70.67,65.8,36.3,15.4,23.5,24.9,19.0,4.17,21.9,1.08,10.42,14.1,42.1,6.5,1.17,0.0,17.95,7.33,2.07,3.15,8.48,1.25,0.0,1.33,0.08,5.0,0.33,0.33,0.17,10.83,1.67,0.08,0.25,11.25,2.42,0.08,0.08,1.25,1.22,0.03,13.08,4.33,9.55,0.09,63.06,73.33,0.17,2.83,0.14,13.33,21.66,11.54,42.1,15,8,46,4,22,46.9,44.8,23.5,0.5,1.25,0.08,0.08,0.42,0.08,2.17,0.25,1.17,0.17
3,185,2025/26,Spain,LaLiga,Betis,https://omo.akamai.opta.net/image.php?secure=true&h=omo.akamai.opta.net&sport=football&entity=team&description=badges&dimensions=150&id=ah8dala7suqqkj04n2l8xz4zd,12,1.58,1.46,0.12,14.5,4.58,10.92,0.1,0.08,2.58,0.13,5.26,17.82,9.08,24.42,0.58,1.5,0.0,0.0,0.5,0.0,2.0,0.33,1.5,0.17,52.4,85.8,109.42,76.2,31.8,15.2,26.8,26.2,11.83,2.5,21.1,1.58,12.58,13.2,43.7,9.0,1.67,0.25,18.52,13.25,1.97,3.92,10.61,2.58,0.08,1.83,0.17,4.08,0.08,0.58,0.33,13.5,2.0,0.0,0.0,8.25,2.5,0.08,0.08,1.08,0.99,0.09,11.25,3.58,9.63,0.09,63.7,76.92,0.42,3.25,0.21,38.46,28.89,21.27,52.4,17,8,50,3,30,52.3,53.9,21.42,0.0,3.17,0.08,0.0,0.33,0.0,1.75,0.08,0.58,0.17
3,855,2025/26,Spain,LaLiga,Levante,https://omo.akamai.opta.net/image.php?secure=true&h=omo.akamai.opta.net&sport=football&entity=team&description=badges&dimensions=150&id=4grc9qgcvusllap8h5j6gc5h5,12,1.33,1.46,-0.12,10.5,3.58,12.7,0.14,0.33,3.08,0.34,25.0,29.37,23.09,20.17,0.5,2.08,0.17,0.08,0.33,0.08,1.83,0.25,1.08,0.08,38.8,77.4,57.42,61.0,38.2,15.0,23.0,23.8,9.42,3.17,33.6,1.83,11.0,14.6,40.0,5.75,0.92,0.17,15.94,5.67,1.85,2.76,7.19,0.92,0.17,1.42,0.08,5.0,0.08,0.58,0.17,10.33,2.0,0.08,0.17,11.92,1.92,0.17,0.08,1.92,1.74,0.18,17.92,5.83,10.7,0.1,66.98,82.61,0.58,4.83,0.34,30.43,26.98,19.56,38.8,18,8,44,5,30,48.7,48.1,32.33,0.33,0.92,0.08,0.08,0.25,0.0,3.25,0.17,1.0,0.17
3,184,2025/26,Spain,LaLiga,Rayo,https://omo.akamai.opta.net/image.php?secure=true&h=omo.akamai.opta.net&sport=football&entity=team&description=badges&dimensions=150&id=3budh3j9xivsid3ptm8ptpy4k,12,1.0,1.41,-0.41,12.75,4.08,7.84,0.11,0.17,3.67,0.21,16.67,28.76,15.05,19.67,0.25,1.92,0.08,0.08,0.42,0.0,1.83,0.08,1.08,0.17,52.6,83.2,79.92,68.8,32.9,16.6,24.9,25.5,15.5,2.58,16.7,1.5,9.75,10.3,41.6,6.83,1.25,0.08,18.29,9.25,1.78,3.51,9.28,1.25,0.0,1.67,0.08,5.0,0.33,0.58,0.08,9.0,2.33,0.08,0.08,13.08,1.42,0.08,0.17,1.17,1.42,-0.26,12.33,4.25,9.46,0.12,60.81,78.57,0.08,3.58,0.2,7.14,29.05,14.06,52.6,18,8,52,4,24,47.3,40.5,26.58,0.17,0.83,0.17,0.17,0.42,0.0,1.42,0.0,0.92,0.33
3,188,2025/26,Spain,LaLiga,Real Sociedad,https://omo.akamai.opta.net/image.php?secure=true&h=omo.akamai.opta.net&sport=football&entity=team&description=badges&dimensions=150&id=63f5h8t5e9qm1fqmvfkb23ghh,12,1.17,1.37,-0.2,13.17,4.5,8.86,0.1,0.08,4.33,0.33,7.14,32.91,24.29,24.25,0.17,2.42,0.25,0.25,0.33,0.0,2.33,0.08,0.67,0.08,50.4,81.8,82.42,68.7,34.3,14.7,25.4,25.6,14.5,3.25,22.4,1.83,10.25,10.9,43.7,7.08,1.58,0.08,22.35,9.0,1.96,3.31,8.76,2.0,0.08,1.08,0.0,5.08,0.17,0.5,0.17,10.17,2.25,0.0,0.25,15.92,1.92,0.17,0.08,1.42,1.3,0.11,12.17,3.67,11.64,0.11,60.96,88.24,0.33,3.42,0.28,23.53,28.08,21.58,50.4,17,7,46,3,23,46.1,50.0,20.75,0.5,1.17,0.08,0.08,0.25,0.0,2.33,0.25,1.25,0.25
3,174,2025/26,Spain,LaLiga,Athletic,https://omo.akamai.opta.net/image.php?secure=true&h=omo.akamai.opta.net&sport=football&entity=team&description=badges&dimensions=150&id=3czravw89omgc9o4s0w3l1bg5,12,1.0,1.27,-0.27,13.08,4.25,7.64,0.1,0.33,3.83,0.35,33.33,29.3,27.46,24.92,0.25,1.0,0.25,0.25,0.08,0.0,1.75,0.08,0.33,0.0,50.9,82.0,86.67,67.8,33.6,14.8,26.1,25.4,16.83,2.83,16.8,1.08,16.25,10.6,45.7,9.75,1.5,0.08,15.38,8.5,1.99,3.23,8.48,1.5,0.0,1.17,0.0,4.83,0.25,0.75,0.0,12.92,1.58,0.25,0.25,13.08,2.33,0.08,0.0,1.08,0.83,0.25,8.83,3.42,12.26,0.09,66.04,76.92,0.17,2.33,0.12,15.38,26.42,14.63,50.9,14,7,49,2,23,47.4,52.4,16.08,0.08,4.17,0.0,0.0,0.0,0.0,0.92,0.17,0.67,0.0
3,176,2025/26,Spain,LaLiga,Celta,https://omo.akamai.opta.net/image.php?secure=true&h=omo.akamai.opta.net&sport=football&entity=team&description=badges&dimensions=150&id=6f27yvbqcngegwsg2ozxxdj4,12,1.25,1.23,0.02,11.58,3.75,10.79,0.11,0.33,2.42,0.2,26.67,20.86,16.36,21.67,0.0,2.0,0.08,0.08,0.17,0.0,1.67,0.08,0.75,0.08,51.1,86.3,109.17,76.4,29.1,14.2,28.8,28.0,9.92,1.75,17.6,3.08,11.58,13.4,40.8,7.08,1.17,0.08,16.47,14.33,1.62,4.4,11.26,3.0,0.17,1.5,0.17,5.0,0.42,1.17,0.17,10.58,1.92,0.08,0.08,11.25,2.25,0.25,0.42,1.5,1.46,0.05,12.67,5.0,11.84,0.12,66.45,100.0,0.33,3.17,0.22,22.22,25.0,14.99,51.1,17,8,45,3,24,50.1,48.1,24.92,0.42,1.67,0.42,0.17,0.25,0.0,2.25,0.25,0.25,0.0
3,450,2025/26,Spain,LaLiga,Osasuna,https://omo.akamai.opta.net/image.php?secure=true&h=omo.akamai.opta.net&sport=football&entity=team&description=badges&dimensions=150&id=2l0ldgiwsgb8d6y3z0sfgjzyj,12,0.75,1.13,-0.38,9.75,3.33,7.69,0.12,0.25,3.08,0.27,33.33,31.62,23.95,20.33,0.17,0.83,0.25,0.17,0.25,0.0,1.92,0.17,0.75,0.08,46.6,80.5,66.5,66.3,35.6,14.7,25.7,23.9,12.25,2.67,21.8,0.75,11.67,14.2,42.1,6.92,0.92,0.0,13.25,7.42,1.94,3.26,8.65,1.42,0.17,1.42,0.08,4.17,0.08,0.5,0.33,11.58,1.92,0.17,0.25,11.83,2.25,0.08,0.17,1.08,1.39,-0.3,12.83,4.67,8.44,0.11,59.09,76.92,0.08,2.75,0.26,7.69,21.43,18.98,46.6,16,8,48,3,27,49.3,57.4,21.83,0.17,2.83,0.17,0.17,0.17,0.0,2.33,0.08,0.75,0.08
3,954,2025/26,Spain,LaLiga,Elche,https://omo.akamai.opta.net/image.php?secure=true&h=omo.akamai.opta.net&sport=football&entity=team&description=badges&dimensions=150&id=4yg9ttzw0m51048doksv8uq5r,12,1.08,1.08,-0.0,11.0,3.83,9.85,0.1,0.08,1.83,0.09,7.69,16.67,8.75,20.08,0.42,1.67,0.08,0.0,0.17,0.08,1.83,0.0,0.5,0.17,59.3,87.1,109.25,78.2,31.7,19.2,24.4,24.7,13.58,3.17,23.3,0.5,9.33,10.8,39.4,6.08,1.33,0.0,21.92,15.17,1.6,4.15,11.38,3.0,0.0,1.17,0.08,5.0,0.17,0.92,0.17,15.58,1.75,0.08,0.08,12.25,2.25,0.0,0.17,1.17,1.28,-0.11,12.25,3.75,9.52,0.1,62.59,71.43,0.0,2.67,0.14,0.0,21.77,10.84,59.3,16,9,50,4,22,53.1,42.9,22.5,0.08,1.75,0.17,0.17,0.42,0.0,1.5,0.0,1.42,0.17
3,173,2025/26,Spain,LaLiga,Alavés,https://omo.akamai.opta.net/image.php?secure=true&h=omo.akamai.opta.net&sport=football&entity=team&description=badges&dimensions=150&id=4dtdjgnpdq9uw4sdutti0vaar,12,0.92,1.08,-0.16,11.83,3.67,7.75,0.09,0.25,3.17,0.21,27.27,26.76,19.9,20.17,0.33,2.0,0.25,0.25,0.17,0.0,2.0,0.08,1.08,0.08,51.4,80.6,82.08,67.1,34.7,15.7,24.7,24.9,13.33,2.67,20.0,0.92,11.5,10.3,42.6,7.0,1.25,0.08,17.86,9.75,1.71,3.21,7.99,2.0,0.0,1.33,0.0,4.92,0.08,0.33,0.08,13.17,2.33,0.08,0.25,14.75,2.08,0.08,0.0,0.92,0.86,0.05,11.0,3.17,8.33,0.08,59.09,90.91,0.08,3.92,0.18,9.09,35.61,21.0,51.4,19,8,48,4,25,48.3,51.2,20.92,0.25,1.75,0.0,0.0,0.42,0.0,2.25,0.25,0.58,0.17
3,2893,2025/26,Spain,LaLiga,Girona,https://omo.akamai.opta.net/image.php?secure=true&h=omo.akamai.opta.net&sport=football&entity=team&description=badges&dimensions=150&id=7h7eg7q7dbwvzww78h9d5eh0h,12,0.92,1.06,-0.14,9.25,3.67,9.91,0.12,0.17,2.17,0.22,18.18,23.42,20.7,19.67,0.08,1.83,0.25,0.25,0.33,0.0,1.08,0.08,0.67,0.08,47.7,83.7,72.17,70.8,33.3,16.4,24.8,25.6,10.17,1.58,15.6,1.5,8.0,16.2,38.8,4.08,0.42,0.0,10.2,9.92,1.68,3.58,10.45,2.33,0.08,1.08,0.08,4.83,0.33,1.08,0.33,13.17,1.67,0.42,0.25,9.75,1.5,0.0,0.25,2.0,1.85,0.15,16.83,5.75,11.88,0.11,66.34,91.67,0.42,4.58,0.37,20.83,27.23,19.88,47.7,14,8,42,4,26,50.8,48.2,26.83,0.58,1.33,0.25,0.25,0.58,0.08,3.42,0.33,1.25,0.17
3,191,2025/26,Spain,LaLiga,Valencia,https://omo.akamai.opta.net/image.php?secure=true&h=omo.akamai.opta.net&sport=football&entity=team&description=badges&dimensions=150&id=ba5e91hjacvma2sjvixn00pjo,12,0.92,1.05,-0.14,10.42,3.0,8.8,0.1,0.33,3.08,0.26,36.36,29.6,24.57,17.0,0.33,1.33,0.08,0.0,0.58,0.0,1.42,0.25,0.67,0.17,46.3,81.3,64.0,65.6,32.7,14.0,27.1,26.2,10.92,2.33,21.4,1.33,8.92,15.4,39.8,5.75,0.83,0.0,14.49,7.67,1.88,3.36,9.54,1.17,0.0,1.42,0.17,4.83,0.17,0.5,0.25,10.25,1.75,0.08,0.08,11.5,1.75,0.33,0.25,1.75,1.54,0.21,13.75,5.17,12.73,0.11,65.45,80.95,0.33,3.83,0.32,19.05,27.88,20.5,46.3,16,8,44,4,29,51.8,46.9,29.5,0.17,3.08,0.25,0.17,0.42,0.0,1.33,0.25,1.08,0.08
3,179,2025/26,Spain,LaLiga,Sevilla,https://omo.akamai.opta.net/image.php?secure=true&h=omo.akamai.opta.net&sport=football&entity=team&description=badges&dimensions=150&id=10eyb18v5puw4ez03ocaug09m,12,1.5,0.98,0.52,10.42,3.17,14.4,0.09,0.08,3.0,0.14,5.56,28.8,14.08,22.0,0.25,3.17,0.17,0.17,0.17,0.0,2.17,0.0,1.08,0.42,52.6,81.8,77.25,69.5,34.2,15.5,24.4,25.8,9.75,3.08,31.6,0.75,9.25,9.9,40.5,6.0,0.58,0.0,9.72,8.5,1.94,3.32,8.98,1.17,0.08,1.92,0.08,4.58,0.33,0.75,0.33,13.33,3.42,0.0,0.17,15.33,1.83,0.08,0.42,1.58,1.83,-0.25,11.58,4.83,13.67,0.16,70.5,84.21,0.17,3.42,0.31,10.53,29.5,17.03,52.6,19,7,50,4,26,49.2,55.2,23.0,0.17,0.92,0.42,0.33,0.25,0.08,2.0,0.0,1.0,0.25
3,181,2025/26,Spain,LaLiga,Mallorca,https://omo.akamai.opta.net/image.php?secure=true&h=omo.akamai.opta.net&sport=football&entity=team&description=badges&dimensions=150&id=50x1m4u58lffhq6v6ga1hbxmy,12,1.0,0.95,0.05,10.75,3.83,9.3,0.09,0.08,2.92,0.14,8.33,27.13,14.58,16.25,0.0,1.5,0.08,0.08,0.25,0.0,2.75,0.25,0.58,0.08,44.9,80.2,66.75,67.0,36.9,16.5,24.1,22.5,14.0,3.5,25.0,0.33,8.08,14.0,39.6,5.92,0.67,0.08,11.27,6.58,1.85,3.17,9.07,1.25,0.08,0.67,0.0,4.83,0.17,0.58,0.17,11.67,1.75,0.25,0.08,11.0,1.92,0.17,0.25,1.5,1.8,-0.3,14.33,4.92,10.47,0.13,59.88,77.78,0.17,3.25,0.31,11.11,22.67,17.17,44.9,15,7,46,4,28,50.5,53.9,27.08,0.33,1.67,0.25,0.17,0.25,0.0,1.58,0.17,1.08,0.17
3,187,2025/26,Spain,LaLiga,Oviedo,https://omo.akamai.opta.net/image.php?secure=true&h=omo.akamai.opta.net&sport=football&entity=team&description=badges&dimensions=150&id=clo928vcczjp0mczavs5o7p5k,12,0.58,0.86,-0.28,8.42,2.92,6.93,0.1,0.17,2.5,0.22,28.57,29.7,25.0,16.33,0.42,2.33,0.17,0.08,0.08,0.0,1.58,0.08,0.92,0.17,43.6,82.4,51.33,66.6,32.6,15.8,25.3,26.3,10.58,2.33,22.1,1.0,6.08,15.7,37.7,3.92,0.67,0.08,17.02,8.5,1.69,3.4,9.65,1.5,0.0,1.17,0.17,4.92,0.17,1.25,0.25,10.5,2.08,0.25,0.17,11.33,1.42,0.0,0.25,1.67,1.86,-0.19,17.08,6.83,9.76,0.11,63.9,90.0,0.58,3.92,0.46,35.0,22.93,24.9,43.6,17,7,41,5,31,51.1,52.7,30.33,0.17,1.08,0.25,0.17,0.25,0.0,2.67,0.42,1.0,0.08
3,1450,2025/26,Spain,LaLiga,Getafe,https://omo.akamai.opta.net/image.php?secure=true&h=omo.akamai.opta.net&sport=football&entity=team&description=badges&dimensions=150&id=1n1j0wsl763lq7ee1k0c11c02,12,1.0,0.72,0.28,9.0,2.75,11.11,0.08,0.5,4.5,0.24,50.0,50.0,33.64,15.67,0.17,2.58,0.0,0.0,0.17,0.0,1.67,0.25,0.17,0.08,40.9,69.7,57.5,56.7,42.0,15.0,21.4,21.6,13.75,2.33,17.0,0.67,13.67,10.7,43.6,6.0,0.42,0.08,6.94,2.08,1.85,2.22,5.66,0.25,0.0,0.33,0.08,3.58,0.08,0.5,0.0,13.75,2.33,0.17,0.0,14.58,2.08,0.17,0.08,1.17,1.02,0.15,10.25,4.17,11.38,0.1,60.16,85.71,0.33,3.42,0.19,28.57,33.33,18.41,40.9,20,8,46,2,28,50.3,41.7,17.5,0.25,2.25,0.08,0.08,0.67,0.0,1.75,0.17,1.0,0.25
4,8,2025/26,England,Premier League,Chelsea,https://omo.akamai.opta.net/image.php?secure=true&h=omo.akamai.opta.net&sport=football&entity=team&description=badges&dimensions=150&id=9q0arba2kbnywth8bkxlhgmdr,11,1.91,1.89,0.02,14.36,5.64,13.29,0.13,0.73,4.55,0.48,38.1,31.65,25.41,26.82,0.36,1.91,0.09,0.09,0.64,0.09,2.55,0.55,0.73,0.09,59.7,86.8,110.55,76.7,27.1,15.7,28.8,28.3,13.0,2.27,17.5,2.27,10.18,10.3,42.9,6.64,1.73,0.18,26.03,15.0,1.56,4.25,11.29,3.09,0.09,1.64,0.09,4.64,0.18,1.0,0.18,12.36,1.91,0.27,0.09,11.18,2.18,0.09,0.0,1.0,1.26,-0.26,9.45,2.82,10.58,0.13,65.38,90.91,0.36,3.55,0.55,36.36,37.5,44.14,59.7,16,11,46,3,19,50.8,53.1,18.45,0.09,1.45,0.0,0.0,0.55,0.0,2.27,0.27,0.73,0.18
4,43,2025/26,England,Premier League,Man City,https://omo.akamai.opta.net/image.php?secure=true&h=omo.akamai.opta.net&sport=football&entity=team&description=badges&dimensions=150&id=a3nyxabgsqlnqfkeg41m6tnpp,11,2.09,1.77,0.32,13.82,5.18,15.13,0.13,0.09,2.91,0.27,4.35,21.05,15.25,32.36,0.18,0.91,0.09,0.0,0.27,0.0,2.45,0.27,1.27,0.36,56.5,87.7,121.45,79.4,27.4,16.7,27.9,28.0,7.82,1.91,24.4,3.0,9.09,14.8,42.8,6.91,1.36,0.0,19.74,16.73,1.64,4.62,12.82,5.55,0.45,1.0,0.0,4.27,0.09,0.91,0.18,11.09,1.64,0.0,0.09,9.09,2.09,0.0,0.09,0.73,0.95,-0.22,9.18,3.0,7.92,0.1,73.27,87.5,0.18,2.36,0.22,25.0,25.74,23.49,56.5,14,7,44,3,26,52.0,58.2,21.27,0.0,2.45,0.09,0.09,0.09,0.0,1.18,0.0,0.91,0.0
4,3,2025/26,England,Premier League,Arsenal,https://omo.akamai.opta.net/image.php?secure=true&h=omo.akamai.opta.net&sport=football&entity=team&description=badges&dimensions=150&id=4dsgumo7d4zupm2ugsvm4zm4d,11,1.82,1.76,0.06,14.73,4.73,12.35,0.12,0.91,5.55,0.65,50.0,37.65,37.09,34.09,0.45,1.27,0.18,0.18,0.27,0.0,2.73,0.64,0.64,0.09,58.8,85.8,110.18,72.9,29.1,13.8,28.9,28.2,12.0,2.55,21.2,3.64,10.09,10.8,44.3,6.73,0.55,0.18,8.11,15.45,1.7,4.05,11.91,3.73,0.0,1.73,0.18,4.36,0.18,0.45,0.0,10.45,1.0,0.0,0.18,10.18,1.45,0.0,0.0,0.45,0.56,-0.1,7.36,1.91,6.17,0.08,71.6,80.0,0.27,2.18,0.19,60.0,29.63,33.21,58.8,15,6,44,3,23,51.6,53.1,14.64,0.18,0.82,0.0,0.0,0.27,0.09,1.36,0.09,1.18,0.09
4,31,2025/26,England,Premier League,Crystal Palace,https://omo.akamai.opta.net/image.php?secure=true&h=omo.akamai.opta.net&sport=football&entity=team&description=badges&dimensions=150&id=1c8m2ko0wxq1asfkuykurdr0y,11,1.27,1.75,-0.48,12.27,4.45,10.37,0.14,0.45,4.82,0.58,35.71,39.26,33.28,23.36,0.55,1.45,0.18,0.18,0.09,0.0,2.55,0.27,0.64,0.0,41.8,76.9,55.64,56.6,37.1,13.6,24.6,24.7,9.45,2.64,27.9,2.45,9.91,14.7,40.6,4.55,0.82,0.0,18.0,6.27,2.19,3.01,7.77,1.09,0.0,1.18,0.0,3.0,0.09,0.73,0.18,10.18,1.73,0.0,0.18,9.27,2.45,0.0,0.09,0.82,1.16,-0.34,10.91,3.18,7.5,0.11,69.17,100.0,0.27,3.73,0.38,33.33,34.17,32.78,41.8,20,10,44,3,33,53.2,49.4,22.91,0.18,1.36,0.09,0.09,0.27,0.0,2.18,0.18,0.73,0.09
4,1,2025/26,England,Premier League,Man Utd,https://omo.akamai.opta.net/image.php?secure=true&h=omo.akamai.opta.net&sport=football&entity=team&description=badges&dimensions=150&id=6eqit8ye8aomdsrrq0hk3v7gh,11,1.73,1.68,0.05,14.36,5.09,12.03,0.12,0.55,3.82,0.46,31.58,26.58,27.32,24.64,0.73,1.64,0.27,0.09,0.18,0.0,2.91,0.45,0.82,0.0,50.6,80.6,87.27,71.3,35.4,16.5,23.8,24.3,10.73,3.55,33.0,3.18,10.0,12.7,42.8,6.82,0.82,0.18,12.0,9.27,1.83,3.3,8.78,1.82,0.09,1.18,0.0,4.36,0.0,0.82,0.27,11.27,1.09,0.09,0.27,8.91,2.64,0.09,0.0,1.64,1.53,0.11,11.55,4.18,14.17,0.13,71.65,88.89,0.55,4.18,0.51,33.33,36.22,33.12,50.6,18,8,48,3,23,51.3,49.9,24.45,0.27,1.82,0.0,0.0,0.27,0.09,2.64,0.55,0.82,0.27
4,14,2025/26,England,Premier League,Liverpool,https://omo.akamai.opta.net/image.php?secure=true&h=omo.akamai.opta.net&sport=football&entity=team&description=badges&dimensions=150&id=c8h9bw1l82s06h77xxrelzhur,11,1.64,1.63,0.01,14.82,4.18,11.04,0.11,0.09,2.91,0.25,5.56,19.63,15.45,30.45,0.36,2.18,0.09,0.09,0.45,0.09,2.09,0.0,1.36,0.18,60.7,85.3,118.09,76.5,31.6,14.0,28.0,26.4,14.91,2.82,18.9,3.27,10.91,11.0,42.6,6.91,1.27,0.27,18.42,13.82,1.94,4.01,11.09,2.82,0.18,1.91,0.09,4.36,0.27,0.91,0.18,10.64,2.09,0.0,0.09,9.73,1.82,0.18,0.18,1.55,1.27,0.28,11.27,3.91,13.71,0.11,66.94,76.47,0.64,3.45,0.31,41.18,30.65,24.55,60.7,13,7,44,3,30,48.4,56.1,23.82,0.45,1.27,0.18,0.09,0.45,0.0,2.45,0.27,0.91,0.27
4,36,2025/26,England,Premier League,Brighton,https://omo.akamai.opta.net/image.php?secure=true&h=omo.akamai.opta.net&sport=football&entity=team&description=badges&dimensions=150&id=e5p0ehyguld7egzhiedpdnc3w,11,1.55,1.53,0.01,12.09,4.55,12.78,0.13,0.36,3.0,0.26,23.53,24.81,17.19,25.09,0.18,2.18,0.27,0.18,0.55,0.09,1.91,0.45,0.82,0.0,48.8,83.4,72.09,68.5,31.0,15.6,25.4,27.9,10.45,2.82,27.0,1.09,12.36,10.5,44.2,9.18,1.82,0.18,19.8,9.27,1.85,3.45,9.62,2.0,0.0,1.27,0.09,4.73,0.55,0.45,0.09,10.36,2.55,0.0,0.27,12.09,2.27,0.09,0.09,1.36,1.2,0.16,10.64,3.45,12.82,0.11,63.25,73.33,0.09,3.18,0.24,6.67,29.91,20.38,48.8,20,7,49,2,24,49.0,47.1,22.91,0.09,1.18,0.09,0.09,0.55,0.0,1.64,0.09,0.82,0.0
4,94,2025/26,England,Premier League,Brentford,https://omo.akamai.opta.net/image.php?secure=true&h=omo.akamai.opta.net&sport=football&entity=team&description=badges&dimensions=150&id=7yx5dqhhphyvfisohikodajhv,11,1.55,1.52,0.03,10.64,4.45,14.53,0.14,0.27,4.45,0.5,17.65,41.88,32.9,23.0,0.18,1.64,0.36,0.27,0.09,0.0,3.64,0.18,1.09,0.36,43.1,78.0,53.64,58.5,36.9,15.6,23.9,23.6,10.82,2.82,26.1,0.91,10.09,13.3,41.6,6.36,1.0,0.09,15.71,6.09,1.99,2.93,7.64,0.82,0.0,1.18,0.36,4.45,0.27,0.36,0.18,8.82,2.09,0.0,0.36,11.18,1.82,0.09,0.18,1.55,1.23,0.31,12.18,3.55,12.69,0.1,61.19,94.12,0.18,3.27,0.17,11.76,26.87,14.09,43.1,16,8,47,4,28,48.7,51.0,25.36,0.09,1.27,0.18,0.09,0.18,0.0,1.73,0.27,0.64,0.09
4,11,2025/26,England,Premier League,Everton,https://omo.akamai.opta.net/image.php?secure=true&h=omo.akamai.opta.net&sport=football&entity=team&description=badges&dimensions=150&id=ehd2iemqmschhj2ec0vayztzz,11,1.09,1.34,-0.25,11.09,3.18,9.84,0.12,0.36,4.82,0.47,33.33,43.44,34.93,24.64,0.18,1.27,0.09,0.09,0.55,0.0,2.18,0.18,0.36,0.0,45.0,80.0,86.64,68.5,34.2,16.5,25.2,24.1,12.18,2.73,22.4,2.45,11.27,14.5,42.8,7.0,0.64,0.18,9.09,7.73,1.71,3.1,8.6,1.55,0.0,0.73,0.0,3.27,0.0,1.0,0.18,11.82,2.36,0.0,0.09,10.18,1.82,0.0,0.18,1.18,1.41,-0.23,13.09,4.0,9.03,0.11,66.67,92.31,0.18,4.0,0.41,15.38,30.56,29.13,45.0,17,7,45,5,30,50.3,54.3,25.0,0.18,1.82,0.18,0.09,0.36,0.0,2.09,0.36,0.45,0.09
4,17,2025/26,England,Premier League,Nottm Forest,https://omo.akamai.opta.net/image.php?secure=true&h=omo.akamai.opta.net&sport=football&entity=team&description=badges&dimensions=150&id=1qtaiy11gswx327s0vkibf70n,11,0.91,1.27,-0.36,11.91,3.91,7.63,0.11,0.18,2.91,0.22,20.0,24.43,17.32,22.64,0.27,1.18,0.09,0.09,0.09,0.0,2.45,0.27,1.18,0.09,52.5,84.2,103.55,74.1,33.9,18.0,24.5,23.6,19.55,3.27,16.7,1.09,10.55,12.8,41.6,5.91,0.64,0.0,10.77,12.36,1.74,3.75,10.03,3.09,0.09,1.18,0.0,4.18,0.0,1.18,0.27,11.0,1.82,0.0,0.09,10.36,1.45,0.09,0.27,1.82,1.53,0.28,13.18,5.27,13.79,0.12,65.52,65.0,0.82,4.64,0.5,45.0,35.17,32.45,52.5,16,8,48,4,22,50.8,47.7,22.36,0.45,1.18,0.27,0.27,0.27,0.09,2.73,0.45,0.73,0.18
4,91,2025/26,England,Premier League,Bournemouth,https://omo.akamai.opta.net/image.php?secure=true&h=omo.akamai.opta.net&sport=football&entity=team&description=badges&dimensions=150&id=1pse9ta7a45pi2w2grjim70ge,11,1.55,1.22,0.33,12.0,4.45,12.88,0.1,0.45,3.64,0.38,29.41,30.3,31.14,22.36,0.27,2.36,0.18,0.09,0.82,0.09,1.0,0.09,1.09,0.45,50.5,81.5,90.0,69.2,34.6,16.6,24.3,24.4,13.0,1.91,14.7,2.0,11.45,9.7,42.0,7.55,1.36,0.18,18.07,9.82,1.77,3.35,8.84,2.18,0.0,1.73,0.36,4.91,0.27,0.27,0.09,9.64,2.45,0.0,0.18,12.73,1.91,0.09,0.09,1.64,1.37,0.27,11.82,4.91,13.85,0.12,68.46,88.89,0.45,4.27,0.35,27.78,36.15,25.52,50.5,17,9,50,3,32,47.3,46.6,25.36,0.0,1.18,0.09,0.09,0.27,0.09,1.82,0.27,0.64,0.18
4,4,2025/26,England,Premier League,Newcastle,https://omo.akamai.opta.net/image.php?secure=true&h=omo.akamai.opta.net&sport=football&entity=team&description=badges&dimensions=150&id=7vn2i2kd35zuetw6b38gw9jsz,11,1.0,1.2,-0.2,11.91,3.64,8.4,0.1,0.27,3.91,0.4,27.27,32.82,33.34,24.18,0.36,0.55,0.09,0.09,0.09,0.0,1.91,0.27,1.0,0.09,51.1,81.6,94.27,69.8,35.2,15.0,23.8,26.0,16.18,2.73,16.9,1.45,13.09,12.0,42.1,7.18,1.09,0.09,15.19,8.55,1.92,3.47,8.89,2.0,0.09,1.36,0.0,4.55,0.09,0.73,0.09,11.36,1.09,0.18,0.09,11.27,1.91,0.09,0.09,1.27,1.04,0.23,10.64,4.55,11.97,0.1,68.38,78.57,0.27,3.09,0.22,21.43,29.06,20.96,51.1,13,8,49,3,25,46.3,53.3,23.64,0.18,1.64,0.09,0.09,0.45,0.0,1.82,0.36,1.36,0.18
4,2,2025/26,England,Premier League,Leeds,https://omo.akamai.opta.net/image.php?secure=true&h=omo.akamai.opta.net&sport=football&entity=team&description=badges&dimensions=150&id=48gk2hpqtsl6p9sx9kjhaydq4,11,0.91,1.19,-0.28,12.0,3.45,7.58,0.1,0.36,3.82,0.28,40.0,31.82,23.44,21.45,0.36,1.0,0.09,0.09,0.36,0.09,2.82,0.27,0.73,0.0,48.4,82.3,64.09,65.8,31.5,15.9,26.4,26.2,12.55,3.27,26.1,0.91,9.91,13.9,41.1,6.18,1.55,0.0,25.0,10.36,1.78,3.46,9.55,2.0,0.0,1.36,0.0,4.55,0.09,0.45,0.18,11.55,1.45,0.0,0.09,9.91,1.55,0.0,0.18,1.82,1.35,0.47,10.55,4.0,17.24,0.13,62.07,85.0,0.45,3.09,0.32,25.0,29.31,23.39,48.4,18,9,45,3,27,49.5,48.0,19.27,0.09,1.27,0.18,0.18,0.45,0.09,1.91,0.36,0.36,0.09
4,21,2025/26,England,Premier League,West Ham,https://omo.akamai.opta.net/image.php?secure=true&h=omo.akamai.opta.net&sport=football&entity=team&description=badges&dimensions=150&id=4txjdaqveermfryvbfrr4taf7,11,1.18,1.13,0.05,10.45,4.09,11.3,0.11,0.27,3.82,0.4,23.08,36.52,35.61,18.09,0.09,1.64,0.09,0.09,0.27,0.0,2.82,0.36,0.91,0.27,45.5,81.2,72.0,67.4,35.0,15.7,24.6,24.7,12.18,2.55,20.9,1.55,7.27,16.9,41.0,5.36,0.91,0.0,16.95,8.55,1.63,3.48,9.1,1.64,0.09,1.45,0.09,3.64,0.45,0.45,0.18,9.36,1.55,0.09,0.09,10.55,1.45,0.0,0.09,2.09,1.53,0.57,14.64,5.18,14.29,0.1,74.53,95.65,0.82,5.27,0.51,39.13,36.02,33.29,45.5,14,7,43,5,32,48.5,46.0,28.09,0.36,1.18,0.09,0.09,0.27,0.0,4.36,0.82,1.0,0.09
4,6,2025/26,England,Premier League,Spurs,https://omo.akamai.opta.net/image.php?secure=true&h=omo.akamai.opta.net&sport=football&entity=team&description=badges&dimensions=150&id=22doj4sgsocqpxw45h607udje,11,1.73,1.01,0.72,9.73,3.45,17.76,0.1,0.55,3.55,0.37,31.58,36.45,36.38,24.55,0.18,2.09,0.0,0.0,0.27,0.0,2.27,0.55,0.55,0.09,53.8,83.8,83.36,70.4,31.8,15.8,24.6,27.8,16.0,3.18,19.9,0.36,10.64,10.1,41.6,5.82,0.09,0.0,1.56,9.91,1.76,3.46,9.73,1.73,0.0,1.55,0.09,4.64,0.18,1.27,0.27,9.0,2.36,0.0,0.0,11.45,1.36,0.09,0.0,0.91,1.38,-0.47,11.64,4.0,7.81,0.12,64.84,70.0,0.18,3.64,0.33,20.0,31.25,23.92,53.8,21,6,49,2,26,50.6,44.9,22.36,0.18,1.36,0.0,0.0,0.27,0.0,2.09,0.18,0.64,0.0
4,54,2025/26,England,Premier League,Fulham,https://omo.akamai.opta.net/image.php?secure=true&h=omo.akamai.opta.net&sport=football&entity=team&description=badges&dimensions=150&id=hzqh7z0mdl3v7gwete66syxp,11,1.09,1.0,0.1,11.0,3.45,9.92,0.09,0.18,2.91,0.24,16.67,26.45,24.45,23.18,0.18,1.73,0.0,0.0,0.27,0.0,1.73,0.18,0.64,0.0,50.3,83.0,81.64,71.8,32.0,16.2,26.1,25.7,13.36,2.55,19.1,1.45,7.82,13.5,39.2,4.36,0.73,0.0,16.67,8.82,1.78,3.68,9.88,1.82,0.0,1.0,0.0,4.91,0.18,0.82,0.27,10.91,1.91,0.0,0.0,13.36,1.36,0.09,0.27,1.45,1.34,0.11,11.27,4.36,12.9,0.12,66.13,87.5,0.36,3.91,0.43,25.0,34.68,32.4,50.3,17,7,44,3,27,50.9,42.7,26.09,0.27,2.09,0.27,0.18,0.45,0.0,2.0,0.09,0.91,0.18
4,56,2025/26,England,Premier League,Sunderland,https://omo.akamai.opta.net/image.php?secure=true&h=omo.akamai.opta.net&sport=football&entity=team&description=badges&dimensions=150&id=1r3545b2dzan8yqa80gtmcjch,11,1.27,0.95,0.32,10.09,2.73,12.61,0.09,0.36,4.09,0.41,28.57,40.54,43.41,17.55,0.18,1.36,0.09,0.09,0.09,0.0,2.0,0.36,0.64,0.18,43.3,80.2,66.36,64.0,36.6,15.9,25.0,22.5,12.27,2.27,18.5,1.09,9.09,14.6,39.8,5.0,0.91,0.0,18.18,8.82,1.69,3.28,9.0,1.09,0.09,0.91,0.09,3.91,0.36,0.82,0.18,10.64,1.73,0.09,0.09,9.09,1.27,0.0,0.09,0.91,1.21,-0.3,13.27,4.45,6.85,0.09,62.33,80.0,0.18,3.82,0.27,20.0,28.77,22.17,43.3,17,8,41,4,33,53.6,50.2,27.0,0.18,1.09,0.09,0.0,0.18,0.0,2.18,0.09,0.27,0.09
4,39,2025/26,England,Premier League,Wolves,https://omo.akamai.opta.net/image.php?secure=true&h=omo.akamai.opta.net&sport=football&entity=team&description=badges&dimensions=150&id=b9si1jn1lfxfund69e9ogcu2n,11,0.64,0.88,-0.24,9.55,3.18,6.67,0.09,0.09,2.36,0.18,14.29,24.76,20.41,21.64,0.36,1.18,0.09,0.09,0.55,0.0,1.82,0.09,0.27,0.0,47.2,80.5,67.0,63.7,32.5,18.1,24.8,24.7,17.27,5.36,31.1,0.82,10.18,11.5,41.0,6.55,1.0,0.09,15.28,7.27,1.62,3.36,9.19,1.0,0.0,1.09,0.0,4.64,0.09,0.91,0.36,9.27,1.82,0.18,0.09,13.18,1.45,0.0,0.0,2.27,1.48,0.79,13.27,4.73,17.12,0.11,58.22,76.0,0.27,3.82,0.38,12.0,28.77,25.48,47.2,21,9,46,4,29,49.8,52.1,25.82,0.45,1.64,0.0,0.0,0.64,0.09,1.91,0.45,0.82,0.18
4,7,2025/26,England,Premier League,Aston Villa,https://omo.akamai.opta.net/image.php?secure=true&h=omo.akamai.opta.net&sport=football&entity=team&description=badges&dimensions=150&id=b496gs285it6bheuikox6z9mj,11,1.18,0.85,0.33,10.82,3.55,10.92,0.08,0.45,3.91,0.26,38.46,36.13,30.67,22.0,0.18,1.27,0.0,0.0,0.27,0.09,1.64,0.09,0.64,0.0,54.0,85.0,86.73,71.8,30.9,14.9,26.5,27.7,12.45,2.09,16.8,2.73,9.18,12.2,40.2,6.09,1.0,0.09,16.42,8.91,1.75,3.52,10.02,1.45,0.0,1.45,0.09,4.64,0.36,0.55,0.09,13.45,1.73,0.09,0.0,9.45,2.27,0.09,0.18,0.91,1.32,-0.41,12.45,3.18,7.3,0.11,67.15,90.0,0.36,5.0,0.44,40.0,40.15,33.07,54.0,15,6,43,5,22,48.1,49.1,24.27,0.18,3.09,0.18,0.09,0.18,0.0,2.91,0.27,1.09,0.0
4,90,2025/26,England,Premier League,Burnley,https://omo.akamai.opta.net/image.php?secure=true&h=omo.akamai.opta.net&sport=football&entity=team&description=badges&dimensions=150&id=64bxxwu2mv2qqlv0monbkj1om,11,1.27,0.75,0.52,8.18,3.18,15.56,0.09,0.27,3.55,0.26,21.43,43.33,34.84,15.27,0.36,1.73,0.0,0.0,0.64,0.0,1.73,0.27,0.55,0.09,38.4,77.9,58.91,61.5,33.7,15.7,26.6,24.0,7.91,1.91,24.1,1.27,10.27,14.8,39.1,4.64,0.73,0.18,15.69,6.91,1.9,3.2,7.85,1.0,0.18,1.09,0.09,4.36,0.27,0.73,0.18,9.55,1.45,0.09,0.0,9.55,1.27,0.0,0.27,2.0,2.18,-0.18,17.45,5.91,11.46,0.13,67.19,100.0,0.36,4.82,0.6,18.18,27.6,27.61,38.4,17,10,40,5,33,49.9,48.0,34.27,0.27,1.36,0.27,0.27,0.36,0.0,3.91,0.36,0.91,0.09
5,127,2025/26,Italy,Serie A,Inter,https://omo.akamai.opta.net/image.php?secure=true&h=omo.akamai.opta.net&sport=football&entity=team&description=badges&dimensions=150&id=3vo5mpj7catp66nrwwqiuhuup,11,2.36,1.91,0.46,18.09,5.45,13.07,0.1,0.36,6.36,0.5,15.38,35.18,26.37,34.45,0.45,1.73,0.18,0.18,0.45,0.0,4.18,0.45,0.64,0.0,60.2,87.0,120.73,76.7,27.9,13.6,29.6,29.0,18.18,5.18,28.5,0.82,11.36,10.4,45.3,7.36,1.73,0.36,23.46,15.64,1.74,4.41,11.65,4.45,0.09,1.64,0.09,4.91,0.18,0.27,0.0,11.45,1.55,0.0,0.18,13.73,1.45,0.09,0.18,1.09,0.81,0.28,9.09,3.36,12.0,0.09,58.0,75.0,0.18,2.27,0.17,16.67,25.0,21.19,60.2,14,6,44,3,17,51.2,56.2,13.18,0.18,1.27,0.18,0.18,0.18,0.0,1.64,0.09,0.82,0.27
5,120,2025/26,Italy,Serie A,Milan,https://omo.akamai.opta.net/image.php?secure=true&h=omo.akamai.opta.net&sport=football&entity=team&description=badges&dimensions=150&id=9dntj5dioj5ex52yrgwzxrq9l,11,1.55,1.63,-0.09,13.64,4.82,11.33,0.12,0.36,3.73,0.34,23.53,27.33,20.85,27.18,0.73,1.73,0.27,0.18,0.09,0.0,2.0,0.18,1.0,0.09,51.4,87.5,90.91,75.7,29.1,16.3,27.5,27.2,8.45,1.91,22.6,2.64,9.55,17.6,40.5,5.64,0.91,0.09,16.13,13.27,1.59,4.42,12.4,2.73,0.18,2.09,0.18,3.55,0.18,0.73,0.0,11.91,1.45,0.09,0.27,9.09,2.18,0.0,0.27,0.82,1.16,-0.34,11.0,3.18,7.44,0.11,60.33,100.0,0.27,3.09,0.4,33.33,28.1,34.22,51.4,13,5,41,3,22,55.0,49.0,17.55,0.09,1.09,0.27,0.18,0.09,0.0,2.18,0.18,0.36,0.0
5,459,2025/26,Italy,Serie A,Napoli,https://omo.akamai.opta.net/image.php?secure=true&h=omo.akamai.opta.net&sport=football&entity=team&description=badges&dimensions=150&id=gi0l1habji5hpgar77dl5jqe,11,1.45,1.51,-0.05,14.18,5.18,10.26,0.11,0.36,3.73,0.37,25.0,26.28,24.37,24.73,0.82,0.82,0.27,0.27,0.45,0.09,2.36,0.27,0.36,0.09,58.9,86.8,103.0,74.3,28.6,15.4,27.5,28.5,14.27,3.18,22.3,2.18,12.0,11.6,43.8,5.55,1.0,0.0,18.03,15.64,1.73,4.5,11.98,2.73,0.0,0.82,0.09,4.82,0.09,0.55,0.09,12.18,1.45,0.0,0.27,12.55,1.36,0.18,0.36,0.91,1.22,-0.31,11.0,2.64,8.26,0.11,57.02,100.0,0.18,3.0,0.21,20.0,27.27,17.28,58.9,14,7,43,3,16,49.2,51.5,15.82,0.27,0.73,0.36,0.18,0.36,0.0,2.45,0.09,1.18,0.0
5,128,2025/26,Italy,Serie A,Juventus,https://omo.akamai.opta.net/image.php?secure=true&h=omo.akamai.opta.net&sport=football&entity=team&description=badges&dimensions=150&id=bqbbqm98ud8obe45ds9ohgyrd,11,1.27,1.46,-0.18,17.0,5.64,7.49,0.09,0.55,4.73,0.39,42.86,27.81,26.79,30.36,0.36,1.27,0.18,0.18,0.45,0.0,3.36,0.27,1.09,0.09,58.6,86.4,107.45,76.6,29.5,15.0,26.6,28.9,16.82,3.82,22.7,1.09,11.73,10.7,44.5,6.82,1.64,0.0,24.0,15.09,1.71,4.16,11.6,3.36,0.09,1.18,0.0,4.64,0.36,1.18,0.36,11.09,1.45,0.09,0.18,11.91,2.0,0.09,0.18,0.91,0.91,0.0,11.36,3.0,8.0,0.08,60.8,70.0,0.18,3.18,0.21,20.0,28.0,22.7,58.6,14,7,45,4,19,51.8,49.5,18.0,0.09,0.55,0.18,0.09,0.27,0.0,1.91,0.09,1.0,0.18
5,125,2025/26,Italy,Serie A,Fiorentina,https://omo.akamai.opta.net/image.php?secure=true&h=omo.akamai.opta.net&sport=football&entity=team&description=badges&dimensions=150&id=4raiad4l2j5lkfaz92pk4osb,11,0.82,1.4,-0.58,11.64,2.82,7.03,0.12,0.27,4.64,0.66,33.33,39.84,46.83,18.55,0.18,2.27,0.27,0.27,0.45,0.0,2.45,0.09,1.0,0.09,50.8,81.5,54.09,61.4,34.0,14.5,24.6,26.9,11.91,2.55,21.4,0.73,9.64,11.4,41.6,5.55,0.82,0.09,14.75,6.82,1.88,3.24,8.54,1.09,0.0,1.18,0.09,4.73,0.09,0.36,0.18,16.82,2.18,0.09,0.27,13.64,2.0,0.09,0.36,1.64,1.51,0.12,12.36,5.0,13.24,0.12,72.06,83.33,0.64,4.64,0.5,38.89,37.5,33.15,50.8,15,9,41,3,19,51.5,48.7,21.82,0.27,0.82,0.36,0.27,0.36,0.0,2.64,0.36,0.73,0.09
5,990,2025/26,Italy,Serie A,Genoa,https://omo.akamai.opta.net/image.php?secure=true&h=omo.akamai.opta.net&sport=football&entity=team&description=badges&dimensions=150&id=4kumqzwifv478caxed8zywlh3,11,0.73,1.34,-0.61,12.09,3.73,6.01,0.11,0.36,4.55,0.4,50.0,37.59,30.2,17.18,0.18,1.0,0.18,0.0,0.55,0.0,2.55,0.18,0.36,0.0,48.3,78.0,63.45,66.0,36.5,12.5,25.4,25.6,12.27,2.55,20.7,0.55,9.73,10.8,43.2,5.91,0.73,0.0,12.31,6.45,1.89,2.88,7.55,1.0,0.0,0.55,0.0,4.55,0.09,0.27,0.18,12.91,2.73,0.0,0.18,14.55,1.82,0.18,0.18,1.45,1.16,0.29,10.27,3.73,14.16,0.11,69.91,93.75,0.55,2.64,0.23,37.5,25.66,19.54,48.3,17,8,42,3,24,51.0,46.3,17.82,0.18,1.55,0.18,0.18,0.27,0.0,1.64,0.18,0.64,0.09
5,456,2025/26,Italy,Serie A,Atalanta,https://omo.akamai.opta.net/image.php?secure=true&h=omo.akamai.opta.net&sport=football&entity=team&description=badges&dimensions=150&id=e75syeuawg3ql8nwpi3vr2btz,11,1.18,1.33,-0.15,14.55,4.09,8.13,0.09,0.18,4.36,0.31,15.38,30.0,22.98,27.91,0.55,1.73,0.0,0.0,0.36,0.0,2.64,0.09,0.91,0.0,57.1,86.6,102.36,77.1,29.3,14.2,29.1,27.3,13.55,3.27,24.2,0.73,9.0,13.4,40.2,5.45,1.09,0.09,20.0,13.82,1.76,4.25,12.05,3.27,0.09,1.73,0.0,4.45,0.09,0.55,0.18,8.91,1.36,0.09,0.0,9.36,1.27,0.0,0.18,1.0,0.92,0.08,10.45,3.91,9.57,0.09,51.3,81.82,0.27,3.64,0.28,27.27,34.78,30.22,57.1,14,6,49,4,21,50.4,48.5,16.82,0.09,1.18,0.18,0.09,0.55,0.0,1.73,0.0,0.82,0.09
5,121,2025/26,Italy,Serie A,Roma,https://omo.akamai.opta.net/image.php?secure=true&h=omo.akamai.opta.net&sport=football&entity=team&description=badges&dimensions=150&id=2tk2l9sgktwc9jhzqdd4mpdtb,11,1.09,1.32,-0.23,14.36,5.18,7.59,0.09,0.27,4.91,0.33,25.0,34.18,24.79,24.27,0.27,1.55,0.18,0.09,0.73,0.0,3.55,0.27,1.09,0.09,59.4,84.1,108.18,75.4,31.3,14.1,26.5,28.0,14.82,2.55,17.2,1.09,12.36,9.3,44.1,7.73,0.91,0.09,11.77,10.82,1.74,3.84,9.86,1.91,0.09,1.27,0.0,4.91,0.09,0.82,0.0,15.18,1.91,0.0,0.18,13.82,2.27,0.18,0.0,0.45,1.15,-0.69,10.55,3.45,4.31,0.11,57.76,60.0,0.09,3.36,0.36,20.0,31.9,31.32,59.4,14,8,49,2,19,48.0,50.1,15.27,0.64,1.45,0.0,0.0,0.27,0.0,1.55,0.0,1.36,0.27
5,123,2025/26,Italy,Serie A,Bologna,https://omo.akamai.opta.net/image.php?secure=true&h=omo.akamai.opta.net&sport=football&entity=team&description=badges&dimensions=150&id=ej5er0oyngdw138yuumwqbyqt,11,1.64,1.29,0.35,12.91,4.0,12.68,0.1,0.45,4.36,0.41,27.78,33.8,31.9,20.82,0.36,2.18,0.18,0.18,0.36,0.09,2.09,0.09,0.82,0.0,57.0,83.5,81.55,71.1,31.7,16.2,26.4,25.7,13.45,3.55,26.4,0.82,8.64,10.8,42.0,4.64,0.64,0.0,13.72,9.73,1.67,3.64,10.3,2.09,0.27,1.55,0.18,5.0,0.18,0.73,0.09,15.18,1.91,0.09,0.18,14.0,2.64,0.18,0.18,0.73,0.99,-0.26,9.45,2.82,7.69,0.1,66.35,100.0,0.09,3.36,0.29,12.5,35.58,29.82,57.0,14,6,41,3,22,51.3,48.0,16.73,0.82,1.82,0.18,0.18,0.45,0.0,2.09,0.09,0.55,0.0
5,1065,2025/26,Italy,Serie A,Como,https://omo.akamai.opta.net/image.php?secure=true&h=omo.akamai.opta.net&sport=football&entity=team&description=badges&dimensions=150&id=6uzfw7ahyxg4wrrfxo5u7qt0n,11,1.09,1.2,-0.11,13.27,4.55,8.22,0.09,0.36,3.09,0.25,33.33,23.29,21.04,22.45,0.18,0.82,0.09,0.0,0.55,0.09,2.36,0.27,0.91,0.27,60.5,86.0,80.55,72.1,29.4,14.3,27.2,29.1,9.0,2.0,22.2,1.27,11.82,7.8,43.1,7.91,1.27,0.0,16.09,13.64,1.72,4.0,10.8,2.18,0.09,1.55,0.27,4.91,0.18,0.55,0.18,13.64,2.45,0.18,0.09,15.55,2.45,0.0,0.0,0.55,0.94,-0.4,10.91,3.73,5.0,0.09,63.33,83.33,0.18,4.45,0.31,33.33,40.83,32.37,60.5,18,7,45,3,23,46.9,56.9,20.18,0.09,1.82,0.0,0.0,0.36,0.0,2.18,0.09,0.82,0.0
5,126,2025/26,Italy,Serie A,Verona,https://omo.akamai.opta.net/image.php?secure=true&h=omo.akamai.opta.net&sport=football&entity=team&description=badges&dimensions=150&id=ap6blbxhq9elm62vw6tutzlwg,11,0.55,1.16,-0.61,12.27,4.91,4.44,0.09,0.18,2.64,0.13,33.33,21.48,11.33,18.91,0.45,1.55,0.09,0.09,0.27,0.0,2.0,0.09,1.45,0.18,37.9,72.2,58.36,58.1,43.8,13.8,21.5,21.0,9.64,2.27,23.6,1.27,11.18,13.6,40.7,4.64,1.18,0.09,25.49,2.73,1.96,2.48,6.55,0.36,0.0,2.18,0.09,4.73,0.0,0.18,0.18,8.18,2.55,0.0,0.09,16.45,1.91,0.0,0.09,1.45,1.18,0.27,12.18,4.0,11.94,0.1,55.97,87.5,0.55,4.55,0.4,37.5,37.31,33.8,37.9,18,10,46,4,26,47.6,43.6,18.18,0.18,1.18,0.09,0.0,0.73,0.0,2.64,0.45,0.82,0.18
5,2182,2025/26,Italy,Serie A,Sassuolo,https://omo.akamai.opta.net/image.php?secure=true&h=omo.akamai.opta.net&sport=football&entity=team&description=badges&dimensions=150&id=6tuibxq39fdryu8ou06wcm0q3,11,1.27,1.14,0.13,10.0,3.55,12.73,0.11,0.36,2.45,0.31,28.57,24.55,26.82,16.91,0.18,1.91,0.27,0.18,0.55,0.09,1.36,0.09,1.0,0.18,45.4,81.3,58.91,63.7,34.4,15.2,24.9,25.5,7.09,1.73,24.4,0.64,9.82,14.3,41.1,5.18,0.45,0.09,8.77,6.82,1.86,3.31,9.29,1.45,0.09,1.55,0.18,4.91,0.27,0.36,0.09,14.27,2.27,0.09,0.27,12.82,2.18,0.0,0.09,1.09,1.38,-0.29,13.64,4.64,8.0,0.1,63.33,83.33,0.36,3.55,0.24,33.33,26.0,17.45,45.4,15,7,44,4,25,49.6,45.9,20.73,0.27,1.09,0.09,0.09,0.64,0.09,2.36,0.27,0.91,0.09
5,135,2025/26,Italy,Serie A,Torino,https://omo.akamai.opta.net/image.php?secure=true&h=omo.akamai.opta.net&sport=football&entity=team&description=badges&dimensions=150&id=7gnly6999wao1xarwct4p8fe9,11,0.91,1.06,-0.15,11.36,4.09,8.0,0.09,0.18,2.82,0.21,20.0,24.8,19.92,21.55,0.27,1.64,0.09,0.0,0.27,0.0,2.73,0.18,0.55,0.09,43.3,80.0,62.64,65.9,34.7,13.7,25.2,26.5,12.45,3.18,25.6,0.82,9.36,16.7,40.3,5.27,1.27,0.09,24.14,6.09,1.83,3.22,8.71,1.09,0.0,0.91,0.0,5.0,0.09,1.0,0.36,10.36,1.82,0.0,0.09,12.91,1.55,0.0,0.27,1.45,1.45,0.01,15.09,4.36,9.64,0.1,61.45,93.75,0.18,4.73,0.3,12.5,31.33,20.92,43.3,14,8,41,4,28,48.3,48.4,26.09,0.27,1.09,0.27,0.27,0.64,0.0,3.55,0.27,1.09,0.18
5,129,2025/26,Italy,Serie A,Lazio,https://omo.akamai.opta.net/image.php?secure=true&h=omo.akamai.opta.net&sport=football&entity=team&description=badges&dimensions=150&id=btcy9nra9ak4m22ovr2ia6m5v,11,1.18,1.05,0.13,10.18,3.64,11.61,0.1,0.18,2.91,0.17,15.38,28.57,16.08,16.91,0.36,0.55,0.09,0.09,0.27,0.0,1.27,0.09,0.64,0.27,48.9,84.7,72.09,72.2,34.5,17.6,23.4,24.5,6.91,1.0,14.5,1.18,7.73,14.7,41.6,5.64,1.09,0.18,19.36,12.0,1.49,3.98,10.24,2.0,0.09,0.82,0.18,4.82,0.09,1.0,0.18,17.27,1.45,0.18,0.09,10.64,2.91,0.0,0.0,0.82,1.45,-0.63,13.82,4.82,5.92,0.1,69.74,88.89,0.27,3.91,0.41,33.33,28.29,28.43,48.9,15,9,41,3,21,53.4,51.7,24.09,0.27,1.36,0.0,0.0,0.36,0.09,2.64,0.09,0.45,0.0
5,136,2025/26,Italy,Serie A,Udinese,https://omo.akamai.opta.net/image.php?secure=true&h=omo.akamai.opta.net&sport=football&entity=team&description=badges&dimensions=150&id=dxq76zcvnokq07cszdx0i6kve,11,1.09,1.0,0.09,11.55,3.73,9.45,0.09,0.27,3.0,0.2,25.0,25.98,19.75,20.0,0.55,0.91,0.09,0.09,0.36,0.0,1.55,0.27,0.73,0.18,47.0,82.0,69.55,68.6,34.5,13.9,26.3,25.3,11.64,2.0,17.2,0.18,10.45,12.1,43.0,6.82,1.45,0.0,21.33,6.82,1.74,3.16,9.43,0.82,0.0,1.18,0.09,4.82,0.09,0.64,0.09,11.64,2.18,0.0,0.09,12.18,1.64,0.0,0.27,1.55,1.2,0.34,12.36,4.0,12.5,0.1,63.97,88.24,0.45,3.64,0.24,29.41,29.41,19.89,47.0,16,7,41,4,29,49.8,53.5,21.91,0.36,1.82,0.27,0.27,0.36,0.09,2.36,0.27,0.73,0.09
5,2170,2025/26,Italy,Serie A,Pisa,https://omo.akamai.opta.net/image.php?secure=true&h=omo.akamai.opta.net&sport=football&entity=team&description=badges&dimensions=150&id=bfztlrr6176xsdt2bmp0u1d2d,11,0.73,0.96,-0.23,9.73,2.45,7.48,0.1,0.0,3.09,0.18,0.0,31.78,18.8,15.82,0.27,1.18,0.27,0.27,0.0,0.0,2.45,0.09,0.45,0.0,38.7,76.7,47.91,62.6,39.4,13.7,24.1,22.8,11.09,2.64,23.8,0.64,7.64,14.5,39.3,5.55,1.18,0.18,21.31,4.82,2.0,2.67,7.32,0.73,0.0,1.45,0.0,4.73,0.18,0.64,0.0,11.91,1.82,0.09,0.27,12.36,1.45,0.0,0.0,1.27,1.34,-0.07,15.82,4.64,8.05,0.09,62.07,64.29,0.36,5.82,0.37,28.57,36.78,27.35,38.7,18,8,48,5,29,49.8,56.9,30.55,0.36,1.36,0.0,0.0,0.36,0.09,2.0,0.09,1.0,0.0
5,131,2025/26,Italy,Serie A,Parma,https://omo.akamai.opta.net/image.php?secure=true&h=omo.akamai.opta.net&sport=football&entity=team&description=badges&dimensions=150&id=5aosfavi55p40c65lkriqnqnl,11,0.64,0.93,-0.29,10.0,2.73,6.36,0.09,0.36,4.82,0.42,57.14,48.18,45.28,15.64,0.45,1.18,0.09,0.09,0.36,0.0,2.18,0.18,0.55,0.0,41.6,77.2,50.91,56.5,37.4,13.9,23.5,25.2,9.73,2.09,21.5,0.09,10.09,12.6,41.3,5.64,1.09,0.0,19.36,5.09,1.91,2.84,7.68,0.73,0.0,0.55,0.0,4.45,0.09,0.18,0.0,12.45,1.64,0.18,0.09,11.18,1.64,0.09,0.18,1.27,1.28,-0.01,13.73,4.55,9.27,0.09,60.26,71.43,0.36,3.73,0.26,28.57,27.15,19.95,41.6,14,7,41,3,23,48.0,51.5,26.18,0.09,3.0,0.18,0.09,0.45,0.0,3.09,0.18,0.73,0.09
5,2174,2025/26,Italy,Serie A,Cremonese,https://omo.akamai.opta.net/image.php?secure=true&h=omo.akamai.opta.net&sport=football&entity=team&description=badges&dimensions=150&id=af91jdcs6x0bqkmdb78rokod2,11,1.09,0.92,0.17,8.09,3.09,13.48,0.11,0.55,2.73,0.22,50.0,33.71,24.2,12.64,0.27,1.73,0.09,0.09,0.27,0.0,1.45,0.36,0.82,0.09,46.0,78.5,50.55,60.6,37.2,14.4,23.6,24.8,11.27,2.0,17.7,0.36,8.73,14.9,37.6,3.64,0.64,0.18,17.5,6.82,1.77,3.17,8.31,1.09,0.0,1.27,0.09,4.55,0.18,1.09,0.45,12.0,2.18,0.0,0.09,11.45,1.73,0.09,0.09,1.18,1.49,-0.31,16.45,5.27,7.18,0.09,63.54,92.31,0.09,4.18,0.3,7.69,25.41,20.18,46.0,16,6,42,4,29,50.0,48.0,27.82,0.0,2.0,0.09,0.09,0.45,0.0,2.64,0.36,1.18,0.0
5,124,2025/26,Italy,Serie A,Cagliari,https://omo.akamai.opta.net/image.php?secure=true&h=omo.akamai.opta.net&sport=football&entity=team&description=badges&dimensions=150&id=5rwlg5cfv1hu7yf0ek1zxpzy3,11,0.82,0.88,-0.07,9.55,3.09,8.57,0.09,0.18,3.45,0.25,22.22,36.19,28.11,14.0,0.45,1.82,0.09,0.09,0.55,0.0,1.73,0.18,0.82,0.09,43.9,79.8,46.55,63.0,36.7,14.0,24.1,25.2,8.45,1.82,21.5,0.55,7.82,15.0,37.4,3.36,0.45,0.0,13.51,5.73,1.84,3.16,8.0,1.0,0.18,1.55,0.09,5.0,0.18,1.09,0.18,15.36,2.27,0.0,0.09,15.36,2.09,0.0,0.0,1.27,1.5,-0.23,13.18,4.73,9.66,0.11,64.83,85.71,0.55,4.36,0.53,42.86,33.1,35.22,43.9,14,9,40,3,27,48.7,47.6,24.09,0.55,1.36,0.0,0.0,0.36,0.09,2.55,0.36,0.27,0.09
5,130,2025/26,Italy,Serie A,Lecce,https://omo.akamai.opta.net/image.php?secure=true&h=omo.akamai.opta.net&sport=football&entity=team&description=badges&dimensions=150&id=bi1fxjrncd0ram0oi7ja1jyuo,11,0.73,0.76,-0.03,9.91,3.09,7.34,0.08,0.36,3.45,0.28,50.0,34.86,37.2,16.09,0.36,1.0,0.09,0.0,0.45,0.09,2.36,0.18,0.73,0.0,45.2,76.9,66.73,62.7,38.6,14.7,23.2,23.5,12.27,2.73,22.2,0.36,12.36,12.6,43.5,6.27,0.36,0.0,5.8,4.82,1.92,2.73,7.13,0.82,0.0,0.91,0.0,4.73,0.27,0.73,0.18,12.91,1.82,0.0,0.09,12.09,1.91,0.0,0.18,1.27,1.19,0.09,11.64,4.0,10.94,0.1,71.88,92.86,0.36,3.73,0.33,28.57,32.03,27.43,45.2,19,6,41,3,24,49.9,51.0,23.55,0.36,2.0,0.18,0.18,0.27,0.0,2.82,0.36,0.45,0.09
